anio,id_region,region,renta_media_hogar,renta_media_hogar_unidad,pbi_per_capita,pbi_per_capita_unidad,densidad_pobl,densidad_pobl_unidad,hdi,hdi_unidad,tasa_homicidios,tasa_homicidios_unidad,tasa_criminalidad,tasa_criminalidad_unidad,tasa_pobreza,tasa_pobreza_unidad,pobl_total,pobl_total_unidad
2008-01-01,ES11,Galicia,14000,EUR_HAB,21100,EUR_HAB,94.1,PER_KM2,0.861,Indice,NA,NA,NA,NA,NA,NA,NA,NA
2009-01-01,ES11,Galicia,13300,EUR_HAB,20300,EUR_HAB,94.4,PER_KM2,0.861,Indice,NA,NA,NA,NA,NA,NA,NA,NA
2010-01-01,ES11,Galicia,13300,EUR_HAB,20500,EUR_HAB,94.5,PER_KM2,0.87,Indice,0.61,Tasa de homicidios,28,Tasa de criminalidad,14.4,Tasa de riesgo de pobreza (con alquiler imputado) (renta del año anterior a la entrevista),2797653,Total
2011-01-01,ES11,Galicia,13300,EUR_HAB,20100,EUR_HAB,94.5,PER_KM2,0.875,Indice,0.51,Tasa de homicidios,29.5,Tasa de criminalidad,14.2,Tasa de riesgo de pobreza (con alquiler imputado) (renta del año anterior a la entrevista),2795422,Total
2012-01-01,ES11,Galicia,12500,EUR_HAB,19500,EUR_HAB,94.3,PER_KM2,0.876,Indice,0.58,Tasa de homicidios,30.1,Tasa de criminalidad,15.1,Tasa de riesgo de pobreza (con alquiler imputado) (renta del año anterior a la entrevista),2781498,Total
2013-01-01,ES11,Galicia,12500,EUR_HAB,19600,EUR_HAB,93.9,PER_KM2,0.88,Indice,0.55,Tasa de homicidios,29.5,Tasa de criminalidad,14.2,Tasa de riesgo de pobreza (con alquiler imputado) (renta del año anterior a la entrevista),2765940,Total
2014-01-01,ES11,Galicia,12700,EUR_HAB,19900,EUR_HAB,93.4,PER_KM2,0.886,Indice,0.73,Tasa de homicidios,28.6,Tasa de criminalidad,13.4,Tasa de riesgo de pobreza (con alquiler imputado) (renta del año anterior a la entrevista),2748695,Total
2015-01-01,ES11,Galicia,13200,EUR_HAB,20900,EUR_HAB,92.9,PER_KM2,0.891,Indice,0.7,Tasa de homicidios,28.1,Tasa de criminalidad,15,Tasa de riesgo de pobreza (con alquiler imputado) (renta del año anterior a la entrevista),2732347,Total
2016-01-01,ES11,Galicia,13500,EUR_HAB,21600,EUR_HAB,92.4,PER_KM2,0.895,Indice,0.44,Tasa de homicidios,27.4,Tasa de criminalidad,14.4,Tasa de riesgo de pobreza (con alquiler imputado) (renta del año anterior a la entrevista),2718525,Total
2017-01-01,ES11,Galicia,14000,EUR_HAB,22400,EUR_HAB,92.1,PER_KM2,0.899,Indice,0.48,Tasa de homicidios,27.4,Tasa de criminalidad,16.6,Tasa de riesgo de pobreza (con alquiler imputado) (renta del año anterior a la entrevista),2708339,Total
2018-01-01,ES11,Galicia,14500,EUR_HAB,23200,EUR_HAB,92,PER_KM2,0.901,Indice,0.3,Tasa de homicidios,29.1,Tasa de criminalidad,15.3,Tasa de riesgo de pobreza (con alquiler imputado) (renta del año anterior a la entrevista),2701743,Total
2019-01-01,ES11,Galicia,15300,EUR_HAB,23900,EUR_HAB,92,PER_KM2,0.907,Indice,0.59,Tasa de homicidios,29.7,Tasa de criminalidad,16.2,Tasa de riesgo de pobreza (con alquiler imputado) (renta del año anterior a la entrevista),2699499,Total
2020-01-01,ES11,Galicia,14300,EUR_HAB,21900,EUR_HAB,92,PER_KM2,0.906,Indice,0.41,Tasa de homicidios,27.2,Tasa de criminalidad,18.2,Tasa de riesgo de pobreza (con alquiler imputado) (renta del año anterior a la entrevista),2701819,Total
2021-01-01,ES11,Galicia,15300,EUR_HAB,23900,EUR_HAB,91.9,PER_KM2,0.913,Indice,0.67,Tasa de homicidios,32.8,Tasa de criminalidad,16.5,Tasa de riesgo de pobreza (con alquiler imputado) (renta del año anterior a la entrevista),2695645,Total
2022-01-01,ES11,Galicia,16600,EUR_HAB,26500,EUR_HAB,91.8,PER_KM2,0.91,Indice,0.26,Tasa de homicidios,35.2,Tasa de criminalidad,14.6,Tasa de riesgo de pobreza (con alquiler imputado) (renta del año anterior a la entrevista),NA,NA
2023-01-01,ES11,Galicia,NA,EUR_HAB,28600,EUR_HAB,92,PER_KM2,0.917,Indice,0.66,Tasa de homicidios,35.1,Tasa de criminalidad,14.7,Tasa de riesgo de pobreza (con alquiler imputado) (renta del año anterior a la entrevista),NA,NA
2008-01-01,ES12,Principado de Asturias,15200,EUR_HAB,22000,EUR_HAB,101.5,PER_KM2,0.861,Indice,NA,NA,NA,NA,NA,NA,NA,NA
2009-01-01,ES12,Principado de Asturias,14100,EUR_HAB,20800,EUR_HAB,101.8,PER_KM2,0.863,Indice,NA,NA,NA,NA,NA,NA,NA,NA
2010-01-01,ES12,Principado de Asturias,14100,EUR_HAB,21000,EUR_HAB,101.8,PER_KM2,0.869,Indice,1.77,Tasa de homicidios,26.5,Tasa de criminalidad,8.6,Tasa de riesgo de pobreza (con alquiler imputado) (renta del año anterior a la entrevista),1084341,Total
2011-01-01,ES12,Principado de Asturias,14200,EUR_HAB,20700,EUR_HAB,101.7,PER_KM2,0.875,Indice,0.84,Tasa de homicidios,27.1,Tasa de criminalidad,10.7,Tasa de riesgo de pobreza (con alquiler imputado) (renta del año anterior a la entrevista),1081487,Total
2012-01-01,ES12,Principado de Asturias,13200,EUR_HAB,19900,EUR_HAB,101.3,PER_KM2,0.877,Indice,0.56,Tasa de homicidios,28.2,Tasa de criminalidad,11.8,Tasa de riesgo de pobreza (con alquiler imputado) (renta del año anterior a la entrevista),1077360,Total
2013-01-01,ES12,Principado de Asturias,13100,EUR_HAB,19500,EUR_HAB,100.5,PER_KM2,0.883,Indice,0.75,Tasa de homicidios,28.3,Tasa de criminalidad,13.6,Tasa de riesgo de pobreza (con alquiler imputado) (renta del año anterior a la entrevista),1068165,Total
2014-01-01,ES12,Principado de Asturias,13100,EUR_HAB,19600,EUR_HAB,99.8,PER_KM2,0.885,Indice,0.66,Tasa de homicidios,27,Tasa de criminalidad,14.5,Tasa de riesgo de pobreza (con alquiler imputado) (renta del año anterior a la entrevista),1061756,Total
2015-01-01,ES12,Principado de Asturias,13600,EUR_HAB,20500,EUR_HAB,99,PER_KM2,0.892,Indice,0.38,Tasa de homicidios,25.9,Tasa de criminalidad,15.7,Tasa de riesgo de pobreza (con alquiler imputado) (renta del año anterior a la entrevista),1051229,Total
2016-01-01,ES12,Principado de Asturias,13700,EUR_HAB,20900,EUR_HAB,98.2,PER_KM2,0.895,Indice,0.58,Tasa de homicidios,25.2,Tasa de criminalidad,12.2,Tasa de riesgo de pobreza (con alquiler imputado) (renta del año anterior a la entrevista),1042608,Total
2017-01-01,ES12,Principado de Asturias,14400,EUR_HAB,21900,EUR_HAB,97.6,PER_KM2,0.899,Indice,0.49,Tasa de homicidios,24.9,Tasa de criminalidad,12.3,Tasa de riesgo de pobreza (con alquiler imputado) (renta del año anterior a la entrevista),1034960,Total
2018-01-01,ES12,Principado de Asturias,14800,EUR_HAB,22700,EUR_HAB,97,PER_KM2,0.902,Indice,0.68,Tasa de homicidios,25.8,Tasa de criminalidad,13.2,Tasa de riesgo de pobreza (con alquiler imputado) (renta del año anterior a la entrevista),1028244,Total
2019-01-01,ES12,Principado de Asturias,15300,EUR_HAB,23200,EUR_HAB,96.6,PER_KM2,0.906,Indice,0.69,Tasa de homicidios,26.7,Tasa de criminalidad,19.5,Tasa de riesgo de pobreza (con alquiler imputado) (renta del año anterior a la entrevista),1022800,Total
2020-01-01,ES12,Principado de Asturias,14400,EUR_HAB,21100,EUR_HAB,96.6,PER_KM2,0.9,Indice,0.49,Tasa de homicidios,24,Tasa de criminalidad,21.4,Tasa de riesgo de pobreza (con alquiler imputado) (renta del año anterior a la entrevista),1018784,Total
2021-01-01,ES12,Principado de Asturias,15500,EUR_HAB,23400,EUR_HAB,96.2,PER_KM2,0.911,Indice,0.1,Tasa de homicidios,26.1,Tasa de criminalidad,19.7,Tasa de riesgo de pobreza (con alquiler imputado) (renta del año anterior a la entrevista),1011792,Total
2022-01-01,ES12,Principado de Asturias,17000,EUR_HAB,26400,EUR_HAB,95.2,PER_KM2,0.907,Indice,0.6,Tasa de homicidios,31.9,Tasa de criminalidad,17.6,Tasa de riesgo de pobreza (con alquiler imputado) (renta del año anterior a la entrevista),NA,NA
2023-01-01,ES12,Principado de Asturias,NA,EUR_HAB,28100,EUR_HAB,95.4,PER_KM2,0.914,Indice,0.59,Tasa de homicidios,33.7,Tasa de criminalidad,16.6,Tasa de riesgo de pobreza (con alquiler imputado) (renta del año anterior a la entrevista),NA,NA
2008-01-01,ES13,Cantabria,16100,EUR_HAB,22900,EUR_HAB,110.4,PER_KM2,0.862,Indice,NA,NA,NA,NA,NA,NA,NA,NA
2009-01-01,ES13,Cantabria,14900,EUR_HAB,21800,EUR_HAB,111.5,PER_KM2,0.865,Indice,NA,NA,NA,NA,NA,NA,NA,NA
2010-01-01,ES13,Cantabria,14600,EUR_HAB,21900,EUR_HAB,112.1,PER_KM2,0.872,Indice,0.34,Tasa de homicidios,29.7,Tasa de criminalidad,14.6,Tasa de riesgo de pobreza (con alquiler imputado) (renta del año anterior a la entrevista),592250,Total
2011-01-01,ES13,Cantabria,14600,EUR_HAB,21400,EUR_HAB,112.5,PER_KM2,0.876,Indice,0.34,Tasa de homicidios,30.8,Tasa de criminalidad,14.7,Tasa de riesgo de pobreza (con alquiler imputado) (renta del año anterior a la entrevista),593121,Total
2012-01-01,ES13,Cantabria,13500,EUR_HAB,20700,EUR_HAB,112.4,PER_KM2,0.878,Indice,0.17,Tasa de homicidios,31,Tasa de criminalidad,16.1,Tasa de riesgo de pobreza (con alquiler imputado) (renta del año anterior a la entrevista),593861,Total
2013-01-01,ES13,Cantabria,13500,EUR_HAB,20300,EUR_HAB,111.9,PER_KM2,0.883,Indice,0.68,Tasa de homicidios,29.3,Tasa de criminalidad,13.2,Tasa de riesgo de pobreza (con alquiler imputado) (renta del año anterior a la entrevista),591888,Total
2014-01-01,ES13,Cantabria,13700,EUR_HAB,20700,EUR_HAB,111.4,PER_KM2,0.886,Indice,0.51,Tasa de homicidios,29.3,Tasa de criminalidad,19.2,Tasa de riesgo de pobreza (con alquiler imputado) (renta del año anterior a la entrevista),588656,Total
2015-01-01,ES13,Cantabria,14200,EUR_HAB,21300,EUR_HAB,110.9,PER_KM2,0.891,Indice,0.51,Tasa de homicidios,28.7,Tasa de criminalidad,13.9,Tasa de riesgo de pobreza (con alquiler imputado) (renta del año anterior a la entrevista),585179,Total
2016-01-01,ES13,Cantabria,14700,EUR_HAB,22100,EUR_HAB,110.5,PER_KM2,0.897,Indice,0,Tasa de homicidios,29.2,Tasa de criminalidad,15.3,Tasa de riesgo de pobreza (con alquiler imputado) (renta del año anterior a la entrevista),582206,Total
2017-01-01,ES13,Cantabria,15400,EUR_HAB,22900,EUR_HAB,110.4,PER_KM2,0.901,Indice,0.52,Tasa de homicidios,30,Tasa de criminalidad,13,Tasa de riesgo de pobreza (con alquiler imputado) (renta del año anterior a la entrevista),580295,Total
2018-01-01,ES13,Cantabria,16000,EUR_HAB,23800,EUR_HAB,110.4,PER_KM2,0.905,Indice,0.34,Tasa de homicidios,30.4,Tasa de criminalidad,15.4,Tasa de riesgo de pobreza (con alquiler imputado) (renta del año anterior a la entrevista),580229,Total
2019-01-01,ES13,Cantabria,16400,EUR_HAB,24500,EUR_HAB,110.5,PER_KM2,0.909,Indice,1.03,Tasa de homicidios,31,Tasa de criminalidad,12,Tasa de riesgo de pobreza (con alquiler imputado) (renta del año anterior a la entrevista),581078,Total
2020-01-01,ES13,Cantabria,15200,EUR_HAB,22300,EUR_HAB,110.5,PER_KM2,0.904,Indice,0.17,Tasa de homicidios,28.4,Tasa de criminalidad,14.2,Tasa de riesgo de pobreza (con alquiler imputado) (renta del año anterior a la entrevista),582905,Total
2021-01-01,ES13,Cantabria,16300,EUR_HAB,24300,EUR_HAB,110.7,PER_KM2,0.914,Indice,0.68,Tasa de homicidios,34,Tasa de criminalidad,12.4,Tasa de riesgo de pobreza (con alquiler imputado) (renta del año anterior a la entrevista),584507,Total
2022-01-01,ES13,Cantabria,17600,EUR_HAB,26500,EUR_HAB,111.4,PER_KM2,0.91,Indice,0.17,Tasa de homicidios,40.4,Tasa de criminalidad,13.1,Tasa de riesgo de pobreza (con alquiler imputado) (renta del año anterior a la entrevista),NA,NA
2023-01-01,ES13,Cantabria,NA,EUR_HAB,28500,EUR_HAB,111.9,PER_KM2,0.918,Indice,0,Tasa de homicidios,41.1,Tasa de criminalidad,13.7,Tasa de riesgo de pobreza (con alquiler imputado) (renta del año anterior a la entrevista),NA,NA
2008-01-01,ES21,País Vasco,20900,EUR_HAB,30600,EUR_HAB,301,PER_KM2,0.9,Indice,NA,NA,NA,NA,NA,NA,NA,NA
2009-01-01,ES21,País Vasco,19400,EUR_HAB,29200,EUR_HAB,302.4,PER_KM2,0.902,Indice,NA,NA,NA,NA,NA,NA,NA,NA
2010-01-01,ES21,País Vasco,19500,EUR_HAB,29500,EUR_HAB,303,PER_KM2,0.91,Indice,0.46,Tasa de homicidios,41.3,Tasa de criminalidad,9.1,Tasa de riesgo de pobreza (con alquiler imputado) (renta del año anterior a la entrevista),2178339,Total
2011-01-01,ES21,País Vasco,19500,EUR_HAB,29300,EUR_HAB,303.4,PER_KM2,0.915,Indice,0.55,Tasa de homicidios,41,Tasa de criminalidad,10.4,Tasa de riesgo de pobreza (con alquiler imputado) (renta del año anterior a la entrevista),2184606,Total
2012-01-01,ES21,País Vasco,18400,EUR_HAB,28600,EUR_HAB,302.9,PER_KM2,0.919,Indice,0.55,Tasa de homicidios,42.5,Tasa de criminalidad,10.1,Tasa de riesgo de pobreza (con alquiler imputado) (renta del año anterior a la entrevista),2193093,Total
2013-01-01,ES21,País Vasco,18300,EUR_HAB,28300,EUR_HAB,301.7,PER_KM2,0.922,Indice,0.6,Tasa de homicidios,41.7,Tasa de criminalidad,8.3,Tasa de riesgo de pobreza (con alquiler imputado) (renta del año anterior a la entrevista),2191682,Total
2014-01-01,ES21,País Vasco,18400,EUR_HAB,28800,EUR_HAB,299.6,PER_KM2,0.924,Indice,0.46,Tasa de homicidios,40.6,Tasa de criminalidad,8.3,Tasa de riesgo de pobreza (con alquiler imputado) (renta del año anterior a la entrevista),2188985,Total
2015-01-01,ES21,País Vasco,19000,EUR_HAB,30000,EUR_HAB,301.3,PER_KM2,0.928,Indice,0.51,Tasa de homicidios,39.4,Tasa de criminalidad,9,Tasa de riesgo de pobreza (con alquiler imputado) (renta del año anterior a la entrevista),2189257,Total
2016-01-01,ES21,País Vasco,19500,EUR_HAB,30800,EUR_HAB,301.2,PER_KM2,0.932,Indice,0.28,Tasa de homicidios,38,Tasa de criminalidad,7.4,Tasa de riesgo de pobreza (con alquiler imputado) (renta del año anterior a la entrevista),2189534,Total
2017-01-01,ES21,País Vasco,20300,EUR_HAB,31900,EUR_HAB,301.7,PER_KM2,0.935,Indice,0.23,Tasa de homicidios,38.4,Tasa de criminalidad,8.6,Tasa de riesgo de pobreza (con alquiler imputado) (renta del año anterior a la entrevista),2194158,Total
2018-01-01,ES21,País Vasco,20700,EUR_HAB,32800,EUR_HAB,302.4,PER_KM2,0.936,Indice,0.27,Tasa de homicidios,41.2,Tasa de criminalidad,7.7,Tasa de riesgo de pobreza (con alquiler imputado) (renta del año anterior a la entrevista),2199088,Total
2019-01-01,ES21,País Vasco,21600,EUR_HAB,33600,EUR_HAB,303.7,PER_KM2,0.94,Indice,0.45,Tasa de homicidios,42.9,Tasa de criminalidad,8,Tasa de riesgo de pobreza (con alquiler imputado) (renta del año anterior a la entrevista),2207776,Total
2020-01-01,ES21,País Vasco,20100,EUR_HAB,30100,EUR_HAB,303.7,PER_KM2,0.935,Indice,0.59,Tasa de homicidios,34.9,Tasa de criminalidad,9,Tasa de riesgo de pobreza (con alquiler imputado) (renta del año anterior a la entrevista),2220504,Total
2021-01-01,ES21,País Vasco,21400,EUR_HAB,32900,EUR_HAB,304.2,PER_KM2,0.942,Indice,0.5,Tasa de homicidios,38.5,Tasa de criminalidad,9.4,Tasa de riesgo de pobreza (con alquiler imputado) (renta del año anterior a la entrevista),2213993,Total
2022-01-01,ES21,País Vasco,23200,EUR_HAB,36400,EUR_HAB,307.5,PER_KM2,0.939,Indice,0.36,Tasa de homicidios,46,Tasa de criminalidad,10.2,Tasa de riesgo de pobreza (con alquiler imputado) (renta del año anterior a la entrevista),NA,NA
2023-01-01,ES21,País Vasco,NA,EUR_HAB,39500,EUR_HAB,309,PER_KM2,0.947,Indice,0.27,Tasa de homicidios,48.5,Tasa de criminalidad,8.9,Tasa de riesgo de pobreza (con alquiler imputado) (renta del año anterior a la entrevista),NA,NA
2008-01-01,ES22,Comunidad Foral de Navarra,20500,EUR_HAB,29900,EUR_HAB,60.1,PER_KM2,0.884,Indice,NA,NA,NA,NA,NA,NA,NA,NA
2009-01-01,ES22,Comunidad Foral de Navarra,19200,EUR_HAB,28600,EUR_HAB,60.9,PER_KM2,0.888,Indice,NA,NA,NA,NA,NA,NA,NA,NA
2010-01-01,ES22,Comunidad Foral de Navarra,19200,EUR_HAB,28500,EUR_HAB,61.4,PER_KM2,0.898,Indice,0.47,Tasa de homicidios,30.7,Tasa de criminalidad,8.2,Tasa de riesgo de pobreza (con alquiler imputado) (renta del año anterior a la entrevista),636924,Total
2011-01-01,ES22,Comunidad Foral de Navarra,19300,EUR_HAB,28300,EUR_HAB,61.7,PER_KM2,0.901,Indice,0.78,Tasa de homicidios,32.5,Tasa de criminalidad,6.1,Tasa de riesgo de pobreza (con alquiler imputado) (renta del año anterior a la entrevista),642051,Total
2012-01-01,ES22,Comunidad Foral de Navarra,17900,EUR_HAB,27200,EUR_HAB,61.8,PER_KM2,0.902,Indice,0.31,Tasa de homicidios,33.8,Tasa de criminalidad,10,Tasa de riesgo de pobreza (con alquiler imputado) (renta del año anterior a la entrevista),644566,Total
2013-01-01,ES22,Comunidad Foral de Navarra,17700,EUR_HAB,27200,EUR_HAB,61.6,PER_KM2,0.905,Indice,0.63,Tasa de homicidios,37.5,Tasa de criminalidad,8.9,Tasa de riesgo de pobreza (con alquiler imputado) (renta del año anterior a la entrevista),644477,Total
2014-01-01,ES22,Comunidad Foral de Navarra,17800,EUR_HAB,27700,EUR_HAB,61.5,PER_KM2,0.909,Indice,0.16,Tasa de homicidios,41.7,Tasa de criminalidad,11,Tasa de riesgo de pobreza (con alquiler imputado) (renta del año anterior a la entrevista),640790,Total
2015-01-01,ES22,Comunidad Foral de Navarra,18500,EUR_HAB,28800,EUR_HAB,61.6,PER_KM2,0.914,Indice,0.47,Tasa de homicidios,37.5,Tasa de criminalidad,8,Tasa de riesgo de pobreza (con alquiler imputado) (renta del año anterior a la entrevista),640476,Total
2016-01-01,ES22,Comunidad Foral de Navarra,18800,EUR_HAB,29600,EUR_HAB,61.7,PER_KM2,0.919,Indice,0.16,Tasa de homicidios,40.2,Tasa de criminalidad,8.7,Tasa de riesgo de pobreza (con alquiler imputado) (renta del año anterior a la entrevista),640647,Total
2017-01-01,ES22,Comunidad Foral de Navarra,19400,EUR_HAB,30600,EUR_HAB,62.1,PER_KM2,0.921,Indice,1.09,Tasa de homicidios,38.6,Tasa de criminalidad,8.4,Tasa de riesgo de pobreza (con alquiler imputado) (renta del año anterior a la entrevista),643234,Total
2018-01-01,ES22,Comunidad Foral de Navarra,19600,EUR_HAB,31200,EUR_HAB,62.5,PER_KM2,0.924,Indice,1.54,Tasa de homicidios,42,Tasa de criminalidad,8.4,Tasa de riesgo de pobreza (con alquiler imputado) (renta del año anterior a la entrevista),647554,Total
2019-01-01,ES22,Comunidad Foral de Navarra,20400,EUR_HAB,32100,EUR_HAB,63.1,PER_KM2,0.931,Indice,0.76,Tasa de homicidios,44.5,Tasa de criminalidad,7.8,Tasa de riesgo de pobreza (con alquiler imputado) (renta del año anterior a la entrevista),654214,Total
2020-01-01,ES22,Comunidad Foral de Navarra,18800,EUR_HAB,29000,EUR_HAB,63.1,PER_KM2,0.922,Indice,0.15,Tasa de homicidios,35.7,Tasa de criminalidad,9.6,Tasa de riesgo de pobreza (con alquiler imputado) (renta del año anterior a la entrevista),661197,Total
2021-01-01,ES22,Comunidad Foral de Navarra,20000,EUR_HAB,31500,EUR_HAB,63.5,PER_KM2,0.935,Indice,0.3,Tasa de homicidios,40.4,Tasa de criminalidad,8.3,Tasa de riesgo de pobreza (con alquiler imputado) (renta del año anterior a la entrevista),661537,Total
2022-01-01,ES22,Comunidad Foral de Navarra,21600,EUR_HAB,34700,EUR_HAB,64.6,PER_KM2,0.929,Indice,0.44,Tasa de homicidios,50,Tasa de criminalidad,11,Tasa de riesgo de pobreza (con alquiler imputado) (renta del año anterior a la entrevista),NA,NA
2023-01-01,ES22,Comunidad Foral de Navarra,NA,EUR_HAB,37100,EUR_HAB,65.3,PER_KM2,0.936,Indice,0.88,Tasa de homicidios,52,Tasa de criminalidad,12.6,Tasa de riesgo de pobreza (con alquiler imputado) (renta del año anterior a la entrevista),NA,NA
2008-01-01,ES23,La Rioja,17200,EUR_HAB,26000,EUR_HAB,63.2,PER_KM2,0.869,Indice,NA,NA,NA,NA,NA,NA,NA,NA
2009-01-01,ES23,La Rioja,15900,EUR_HAB,24700,EUR_HAB,63.6,PER_KM2,0.877,Indice,NA,NA,NA,NA,NA,NA,NA,NA
2010-01-01,ES23,La Rioja,15900,EUR_HAB,25000,EUR_HAB,63.7,PER_KM2,0.883,Indice,0.63,Tasa de homicidios,29.5,Tasa de criminalidad,18.7,Tasa de riesgo de pobreza (con alquiler imputado) (renta del año anterior a la entrevista),322415,Total
2011-01-01,ES23,La Rioja,16000,EUR_HAB,24700,EUR_HAB,63.8,PER_KM2,0.884,Indice,0.62,Tasa de homicidios,31.1,Tasa de criminalidad,16.6,Tasa de riesgo de pobreza (con alquiler imputado) (renta del año anterior a la entrevista),322955,Total
2012-01-01,ES23,La Rioja,15000,EUR_HAB,24000,EUR_HAB,63.6,PER_KM2,0.886,Indice,0.31,Tasa de homicidios,31.7,Tasa de criminalidad,16.6,Tasa de riesgo de pobreza (con alquiler imputado) (renta del año anterior a la entrevista),323609,Total
2013-01-01,ES23,La Rioja,15000,EUR_HAB,23900,EUR_HAB,63,PER_KM2,0.893,Indice,0,Tasa de homicidios,30.1,Tasa de criminalidad,17.2,Tasa de riesgo de pobreza (con alquiler imputado) (renta del año anterior a la entrevista),322027,Total
2014-01-01,ES23,La Rioja,15300,EUR_HAB,24600,EUR_HAB,62.4,PER_KM2,0.904,Indice,0.95,Tasa de homicidios,28.4,Tasa de criminalidad,17.8,Tasa de riesgo de pobreza (con alquiler imputado) (renta del año anterior a la entrevista),319002,Total
2015-01-01,ES23,La Rioja,15800,EUR_HAB,25600,EUR_HAB,62.2,PER_KM2,0.91,Indice,0.32,Tasa de homicidios,27.2,Tasa de criminalidad,15.3,Tasa de riesgo de pobreza (con alquiler imputado) (renta del año anterior a la entrevista),317053,Total
2016-01-01,ES23,La Rioja,16200,EUR_HAB,25700,EUR_HAB,62.2,PER_KM2,0.913,Indice,0,Tasa de homicidios,25.5,Tasa de criminalidad,14.2,Tasa de riesgo de pobreza (con alquiler imputado) (renta del año anterior a la entrevista),315794,Total
2017-01-01,ES23,La Rioja,16700,EUR_HAB,26600,EUR_HAB,62.2,PER_KM2,0.914,Indice,0,Tasa de homicidios,25.1,Tasa de criminalidad,11.2,Tasa de riesgo de pobreza (con alquiler imputado) (renta del año anterior a la entrevista),315381,Total
2018-01-01,ES23,La Rioja,17300,EUR_HAB,27500,EUR_HAB,62.3,PER_KM2,0.916,Indice,0.32,Tasa de homicidios,26.3,Tasa de criminalidad,14.2,Tasa de riesgo de pobreza (con alquiler imputado) (renta del año anterior a la entrevista),315675,Total
2019-01-01,ES23,La Rioja,17700,EUR_HAB,28000,EUR_HAB,62.6,PER_KM2,0.919,Indice,0,Tasa de homicidios,27.6,Tasa de criminalidad,12.3,Tasa de riesgo de pobreza (con alquiler imputado) (renta del año anterior a la entrevista),316798,Total
2020-01-01,ES23,La Rioja,16700,EUR_HAB,25700,EUR_HAB,62.6,PER_KM2,0.909,Indice,1.57,Tasa de homicidios,24.5,Tasa de criminalidad,14.2,Tasa de riesgo de pobreza (con alquiler imputado) (renta del año anterior a la entrevista),319914,Total
2021-01-01,ES23,La Rioja,17600,EUR_HAB,27400,EUR_HAB,62.8,PER_KM2,0.916,Indice,0.94,Tasa de homicidios,28.6,Tasa de criminalidad,13.7,Tasa de riesgo de pobreza (con alquiler imputado) (renta del año anterior a la entrevista),319796,Total
2022-01-01,ES23,La Rioja,19000,EUR_HAB,30300,EUR_HAB,63.8,PER_KM2,0.916,Indice,0.31,Tasa de homicidios,36.6,Tasa de criminalidad,12.5,Tasa de riesgo de pobreza (con alquiler imputado) (renta del año anterior a la entrevista),NA,NA
2023-01-01,ES23,La Rioja,NA,EUR_HAB,32800,EUR_HAB,64.2,PER_KM2,0.924,Indice,0.92,Tasa de homicidios,37.6,Tasa de criminalidad,13.4,Tasa de riesgo de pobreza (con alquiler imputado) (renta del año anterior a la entrevista),NA,NA
2008-01-01,ES24,Aragón,17700,EUR_HAB,26500,EUR_HAB,28.1,PER_KM2,0.872,Indice,NA,NA,NA,NA,NA,NA,NA,NA
2009-01-01,ES24,Aragón,16600,EUR_HAB,25100,EUR_HAB,28.3,PER_KM2,0.873,Indice,NA,NA,NA,NA,NA,NA,NA,NA
2010-01-01,ES24,Aragón,16500,EUR_HAB,25400,EUR_HAB,28.3,PER_KM2,0.88,Indice,0.74,Tasa de homicidios,38.1,Tasa de criminalidad,12.1,Tasa de riesgo de pobreza (con alquiler imputado) (renta del año anterior a la entrevista),1347095,Total
2011-01-01,ES24,Aragón,16600,EUR_HAB,25000,EUR_HAB,28.3,PER_KM2,0.885,Indice,0.45,Tasa de homicidios,37.3,Tasa de criminalidad,14.6,Tasa de riesgo de pobreza (con alquiler imputado) (renta del año anterior a la entrevista),1346293,Total
2012-01-01,ES24,Aragón,15600,EUR_HAB,24000,EUR_HAB,28.3,PER_KM2,0.887,Indice,0.45,Tasa de homicidios,34.6,Tasa de criminalidad,13.6,Tasa de riesgo de pobreza (con alquiler imputado) (renta del año anterior a la entrevista),1349467,Total
2013-01-01,ES24,Aragón,15500,EUR_HAB,24200,EUR_HAB,28.1,PER_KM2,0.891,Indice,0.52,Tasa de homicidios,32,Tasa de criminalidad,14.8,Tasa de riesgo de pobreza (con alquiler imputado) (renta del año anterior a la entrevista),1347150,Total
2014-01-01,ES24,Aragón,15500,EUR_HAB,24600,EUR_HAB,28,PER_KM2,0.894,Indice,0.38,Tasa de homicidios,30.5,Tasa de criminalidad,13.8,Tasa de riesgo de pobreza (con alquiler imputado) (renta del año anterior a la entrevista),1325385,Total
2015-01-01,ES24,Aragón,16000,EUR_HAB,25200,EUR_HAB,27.9,PER_KM2,0.898,Indice,0.68,Tasa de homicidios,29.1,Tasa de criminalidad,12,Tasa de riesgo de pobreza (con alquiler imputado) (renta del año anterior a la entrevista),1317847,Total
2016-01-01,ES24,Aragón,16500,EUR_HAB,26200,EUR_HAB,27.8,PER_KM2,0.906,Indice,0.61,Tasa de homicidios,29,Tasa de criminalidad,15.2,Tasa de riesgo de pobreza (con alquiler imputado) (renta del año anterior a la entrevista),1308563,Total
2017-01-01,ES24,Aragón,17200,EUR_HAB,27400,EUR_HAB,27.7,PER_KM2,0.907,Indice,0.61,Tasa de homicidios,28.8,Tasa de criminalidad,10.2,Tasa de riesgo de pobreza (con alquiler imputado) (renta del año anterior a la entrevista),1308750,Total
2018-01-01,ES24,Aragón,17700,EUR_HAB,28300,EUR_HAB,27.7,PER_KM2,0.911,Indice,0.68,Tasa de homicidios,30.7,Tasa de criminalidad,12.9,Tasa de riesgo de pobreza (con alquiler imputado) (renta del año anterior a la entrevista),1308728,Total
2019-01-01,ES24,Aragón,18400,EUR_HAB,29000,EUR_HAB,27.9,PER_KM2,0.917,Indice,0.45,Tasa de homicidios,32.2,Tasa de criminalidad,15.4,Tasa de riesgo de pobreza (con alquiler imputado) (renta del año anterior a la entrevista),1319291,Total
2020-01-01,ES24,Aragón,17600,EUR_HAB,27000,EUR_HAB,27.9,PER_KM2,0.907,Indice,0.3,Tasa de homicidios,27.1,Tasa de criminalidad,14,Tasa de riesgo de pobreza (con alquiler imputado) (renta del año anterior a la entrevista),1329391,Total
2021-01-01,ES24,Aragón,18500,EUR_HAB,29100,EUR_HAB,28,PER_KM2,0.919,Indice,0.38,Tasa de homicidios,31.4,Tasa de criminalidad,14.4,Tasa de riesgo de pobreza (con alquiler imputado) (renta del año anterior a la entrevista),1326261,Total
2022-01-01,ES24,Aragón,20000,EUR_HAB,32600,EUR_HAB,28.1,PER_KM2,0.916,Indice,0.74,Tasa de homicidios,35.9,Tasa de criminalidad,12.7,Tasa de riesgo de pobreza (con alquiler imputado) (renta del año anterior a la entrevista),NA,NA
2023-01-01,ES24,Aragón,NA,EUR_HAB,34700,EUR_HAB,28.4,PER_KM2,0.923,Indice,0.67,Tasa de homicidios,37.8,Tasa de criminalidad,13.9,Tasa de riesgo de pobreza (con alquiler imputado) (renta del año anterior a la entrevista),NA,NA
2008-01-01,ES30,Comunidad de Madrid,21600,EUR_HAB,32100,EUR_HAB,788.5,PER_KM2,0.907,Indice,NA,NA,NA,NA,NA,NA,NA,NA
2009-01-01,ES30,Comunidad de Madrid,20900,EUR_HAB,31400,EUR_HAB,797.7,PER_KM2,0.909,Indice,NA,NA,NA,NA,NA,NA,NA,NA
2010-01-01,ES30,Comunidad de Madrid,20800,EUR_HAB,31100,EUR_HAB,801.9,PER_KM2,0.919,Indice,0.8,Tasa de homicidios,62.9,Tasa de criminalidad,12.1,Tasa de riesgo de pobreza (con alquiler imputado) (renta del año anterior a la entrevista),6458684,Total
2011-01-01,ES30,Comunidad de Madrid,21100,EUR_HAB,31100,EUR_HAB,805.2,PER_KM2,0.925,Indice,0.72,Tasa de homicidios,61.3,Tasa de criminalidad,12.6,Tasa de riesgo de pobreza (con alquiler imputado) (renta del año anterior a la entrevista),6489680,Total
2012-01-01,ES30,Comunidad de Madrid,19900,EUR_HAB,30600,EUR_HAB,806.4,PER_KM2,0.927,Indice,0.75,Tasa de homicidios,61.3,Tasa de criminalidad,13.7,Tasa de riesgo de pobreza (con alquiler imputado) (renta del año anterior a la entrevista),6498560,Total
2013-01-01,ES30,Comunidad de Madrid,19900,EUR_HAB,30300,EUR_HAB,803.5,PER_KM2,0.93,Indice,0.58,Tasa de homicidios,59.3,Tasa de criminalidad,13.6,Tasa de riesgo de pobreza (con alquiler imputado) (renta del año anterior a la entrevista),6495551,Total
2014-01-01,ES30,Comunidad de Madrid,20300,EUR_HAB,30800,EUR_HAB,801,PER_KM2,0.933,Indice,0.64,Tasa de homicidios,57.4,Tasa de criminalidad,14,Tasa de riesgo de pobreza (con alquiler imputado) (renta del año anterior a la entrevista),6454440,Total
2015-01-01,ES30,Comunidad de Madrid,21200,EUR_HAB,32300,EUR_HAB,803.9,PER_KM2,0.935,Indice,0.47,Tasa de homicidios,57.1,Tasa de criminalidad,14.3,Tasa de riesgo de pobreza (con alquiler imputado) (renta del año anterior a la entrevista),6436996,Total
2016-01-01,ES30,Comunidad de Madrid,21800,EUR_HAB,33300,EUR_HAB,809.2,PER_KM2,0.94,Indice,0.51,Tasa de homicidios,58.1,Tasa de criminalidad,16.5,Tasa de riesgo de pobreza (con alquiler imputado) (renta del año anterior a la entrevista),6466996,Total
2017-01-01,ES30,Comunidad de Madrid,22500,EUR_HAB,34600,EUR_HAB,817,PER_KM2,0.942,Indice,0.6,Tasa de homicidios,58.8,Tasa de criminalidad,16.6,Tasa de riesgo de pobreza (con alquiler imputado) (renta del año anterior a la entrevista),6507184,Total
2018-01-01,ES30,Comunidad de Madrid,23000,EUR_HAB,35600,EUR_HAB,827.3,PER_KM2,0.944,Indice,0.55,Tasa de homicidios,59.4,Tasa de criminalidad,15.4,Tasa de riesgo de pobreza (con alquiler imputado) (renta del año anterior a la entrevista),6578079,Total
2019-01-01,ES30,Comunidad de Madrid,24100,EUR_HAB,36600,EUR_HAB,839.7,PER_KM2,0.948,Indice,0.48,Tasa de homicidios,61.2,Tasa de criminalidad,14.6,Tasa de riesgo de pobreza (con alquiler imputado) (renta del año anterior a la entrevista),6663394,Total
2020-01-01,ES30,Comunidad de Madrid,22400,EUR_HAB,32900,EUR_HAB,839.7,PER_KM2,0.932,Indice,0.56,Tasa de homicidios,46.1,Tasa de criminalidad,13.8,Tasa de riesgo de pobreza (con alquiler imputado) (renta del año anterior a la entrevista),6779888,Total
2021-01-01,ES30,Comunidad de Madrid,23800,EUR_HAB,35700,EUR_HAB,846.9,PER_KM2,0.949,Indice,0.55,Tasa de homicidios,51.5,Tasa de criminalidad,14.5,Tasa de riesgo de pobreza (con alquiler imputado) (renta del año anterior a la entrevista),6751251,Total
2022-01-01,ES30,Comunidad de Madrid,25400,EUR_HAB,39200,EUR_HAB,853.9,PER_KM2,0.947,Indice,0.66,Tasa de homicidios,58.9,Tasa de criminalidad,12.9,Tasa de riesgo de pobreza (con alquiler imputado) (renta del año anterior a la entrevista),NA,NA
2023-01-01,ES30,Comunidad de Madrid,NA,EUR_HAB,42200,EUR_HAB,870.6,PER_KM2,0.951,Indice,0.47,Tasa de homicidios,59.3,Tasa de criminalidad,11,Tasa de riesgo de pobreza (con alquiler imputado) (renta del año anterior a la entrevista),NA,NA
2008-01-01,ES41,Castilla y León,15200,EUR_HAB,22100,EUR_HAB,27.2,PER_KM2,0.875,Indice,NA,NA,NA,NA,NA,NA,NA,NA
2009-01-01,ES41,Castilla y León,14400,EUR_HAB,21400,EUR_HAB,27.2,PER_KM2,0.879,Indice,NA,NA,NA,NA,NA,NA,NA,NA
2010-01-01,ES41,Castilla y León,14400,EUR_HAB,21500,EUR_HAB,27.2,PER_KM2,0.886,Indice,0.39,Tasa de homicidios,33.2,Tasa de criminalidad,16.8,Tasa de riesgo de pobreza (con alquiler imputado) (renta del año anterior a la entrevista),2559515,Total
2011-01-01,ES41,Castilla y León,14400,EUR_HAB,21400,EUR_HAB,27.1,PER_KM2,0.892,Indice,0.79,Tasa de homicidios,33,Tasa de criminalidad,13.6,Tasa de riesgo de pobreza (con alquiler imputado) (renta del año anterior a la entrevista),2558463,Total
2012-01-01,ES41,Castilla y León,13600,EUR_HAB,20800,EUR_HAB,27,PER_KM2,0.894,Indice,0.59,Tasa de homicidios,33.4,Tasa de criminalidad,14,Tasa de riesgo de pobreza (con alquiler imputado) (renta del año anterior a la entrevista),2546078,Total
2013-01-01,ES41,Castilla y León,13400,EUR_HAB,20500,EUR_HAB,26.8,PER_KM2,0.896,Indice,0.76,Tasa de homicidios,31.9,Tasa de criminalidad,14.9,Tasa de riesgo de pobreza (con alquiler imputado) (renta del año anterior a la entrevista),2519875,Total
2014-01-01,ES41,Castilla y León,13500,EUR_HAB,20700,EUR_HAB,26.5,PER_KM2,0.898,Indice,0.56,Tasa de homicidios,31,Tasa de criminalidad,17,Tasa de riesgo de pobreza (con alquiler imputado) (renta del año anterior a la entrevista),2494790,Total
2015-01-01,ES41,Castilla y León,14000,EUR_HAB,21600,EUR_HAB,26.3,PER_KM2,0.901,Indice,0.37,Tasa de homicidios,30.3,Tasa de criminalidad,15.9,Tasa de riesgo de pobreza (con alquiler imputado) (renta del año anterior a la entrevista),2472052,Total
2016-01-01,ES41,Castilla y León,14300,EUR_HAB,22400,EUR_HAB,26.1,PER_KM2,0.905,Indice,0.45,Tasa de homicidios,29.5,Tasa de criminalidad,16.4,Tasa de riesgo de pobreza (con alquiler imputado) (renta del año anterior a la entrevista),2447519,Total
2017-01-01,ES41,Castilla y León,14800,EUR_HAB,23100,EUR_HAB,25.9,PER_KM2,0.907,Indice,0.54,Tasa de homicidios,29.7,Tasa de criminalidad,14.1,Tasa de riesgo de pobreza (con alquiler imputado) (renta del año anterior a la entrevista),2425801,Total
2018-01-01,ES41,Castilla y León,15400,EUR_HAB,24200,EUR_HAB,25.7,PER_KM2,0.91,Indice,0.46,Tasa de homicidios,31.1,Tasa de criminalidad,14,Tasa de riesgo de pobreza (con alquiler imputado) (renta del año anterior a la entrevista),2409164,Total
2019-01-01,ES41,Castilla y León,16000,EUR_HAB,24800,EUR_HAB,25.6,PER_KM2,0.915,Indice,0.33,Tasa de homicidios,31.8,Tasa de criminalidad,11.7,Tasa de riesgo de pobreza (con alquiler imputado) (renta del año anterior a la entrevista),2399548,Total
2020-01-01,ES41,Castilla y León,15200,EUR_HAB,22900,EUR_HAB,25.6,PER_KM2,0.904,Indice,0.67,Tasa de homicidios,27.2,Tasa de criminalidad,13.4,Tasa de riesgo de pobreza (con alquiler imputado) (renta del año anterior a la entrevista),2394918,Total
2021-01-01,ES41,Castilla y León,16100,EUR_HAB,25000,EUR_HAB,25.5,PER_KM2,0.916,Indice,0.55,Tasa de homicidios,31.1,Tasa de criminalidad,14.5,Tasa de riesgo de pobreza (con alquiler imputado) (renta del año anterior a la entrevista),2383139,Total
2022-01-01,ES41,Castilla y León,17200,EUR_HAB,27400,EUR_HAB,25.4,PER_KM2,0.913,Indice,0.67,Tasa de homicidios,36.5,Tasa de criminalidad,14.3,Tasa de riesgo de pobreza (con alquiler imputado) (renta del año anterior a la entrevista),NA,NA
2023-01-01,ES41,Castilla y León,NA,EUR_HAB,29700,EUR_HAB,25.5,PER_KM2,0.92,Indice,0.42,Tasa de homicidios,37.6,Tasa de criminalidad,14.7,Tasa de riesgo de pobreza (con alquiler imputado) (renta del año anterior a la entrevista),NA,NA
2008-01-01,ES42,Castilla-La Mancha,13300,EUR_HAB,19900,EUR_HAB,26,PER_KM2,0.837,Indice,NA,NA,NA,NA,NA,NA,NA,NA
2009-01-01,ES42,Castilla-La Mancha,12600,EUR_HAB,19000,EUR_HAB,26.3,PER_KM2,0.841,Indice,NA,NA,NA,NA,NA,NA,NA,NA
2010-01-01,ES42,Castilla-La Mancha,12700,EUR_HAB,18900,EUR_HAB,26.5,PER_KM2,0.848,Indice,0.57,Tasa de homicidios,34.3,Tasa de criminalidad,24.8,Tasa de riesgo de pobreza (con alquiler imputado) (renta del año anterior a la entrevista),2098373,Total
2011-01-01,ES42,Castilla-La Mancha,12500,EUR_HAB,18600,EUR_HAB,26.7,PER_KM2,0.853,Indice,0.38,Tasa de homicidios,35.4,Tasa de criminalidad,21.9,Tasa de riesgo de pobreza (con alquiler imputado) (renta del año anterior a la entrevista),2115334,Total
2012-01-01,ES42,Castilla-La Mancha,11700,EUR_HAB,17900,EUR_HAB,26.6,PER_KM2,0.853,Indice,0.81,Tasa de homicidios,35.5,Tasa de criminalidad,26.4,Tasa de riesgo de pobreza (con alquiler imputado) (renta del año anterior a la entrevista),2121888,Total
2013-01-01,ES42,Castilla-La Mancha,11700,EUR_HAB,17700,EUR_HAB,26.4,PER_KM2,0.857,Indice,0.72,Tasa de homicidios,35.3,Tasa de criminalidad,27.2,Tasa de riesgo de pobreza (con alquiler imputado) (renta del año anterior a la entrevista),2100998,Total
2014-01-01,ES42,Castilla-La Mancha,11700,EUR_HAB,17500,EUR_HAB,26.2,PER_KM2,0.86,Indice,0.77,Tasa de homicidios,34,Tasa de criminalidad,24,Tasa de riesgo de pobreza (con alquiler imputado) (renta del año anterior a la entrevista),2078611,Total
2015-01-01,ES42,Castilla-La Mancha,12300,EUR_HAB,18500,EUR_HAB,26,PER_KM2,0.863,Indice,0.63,Tasa de homicidios,32.6,Tasa de criminalidad,23.8,Tasa de riesgo de pobreza (con alquiler imputado) (renta del año anterior a la entrevista),2059191,Total
2016-01-01,ES42,Castilla-La Mancha,12800,EUR_HAB,19100,EUR_HAB,25.8,PER_KM2,0.866,Indice,0.54,Tasa de homicidios,31.1,Tasa de criminalidad,26.7,Tasa de riesgo de pobreza (con alquiler imputado) (renta del año anterior a la entrevista),2041631,Total
2017-01-01,ES42,Castilla-La Mancha,13300,EUR_HAB,20000,EUR_HAB,25.7,PER_KM2,0.866,Indice,0.59,Tasa de homicidios,31.5,Tasa de criminalidad,26.9,Tasa de riesgo de pobreza (con alquiler imputado) (renta del año anterior a la entrevista),2031479,Total
2018-01-01,ES42,Castilla-La Mancha,13800,EUR_HAB,20800,EUR_HAB,25.7,PER_KM2,0.871,Indice,0.39,Tasa de homicidios,33.6,Tasa de criminalidad,26.1,Tasa de riesgo de pobreza (con alquiler imputado) (renta del año anterior a la entrevista),2026807,Total
2019-01-01,ES42,Castilla-La Mancha,14300,EUR_HAB,21300,EUR_HAB,25.8,PER_KM2,0.874,Indice,0.54,Tasa de homicidios,34.5,Tasa de criminalidad,25.1,Tasa de riesgo de pobreza (con alquiler imputado) (renta del año anterior a la entrevista),2032863,Total
2020-01-01,ES42,Castilla-La Mancha,13900,EUR_HAB,19700,EUR_HAB,25.8,PER_KM2,0.861,Indice,0.83,Tasa de homicidios,30.3,Tasa de criminalidad,20.2,Tasa de riesgo de pobreza (con alquiler imputado) (renta del año anterior a la entrevista),2045221,Total
2021-01-01,ES42,Castilla-La Mancha,14800,EUR_HAB,21500,EUR_HAB,25.9,PER_KM2,0.877,Indice,0.49,Tasa de homicidios,32.9,Tasa de criminalidad,21.6,Tasa de riesgo de pobreza (con alquiler imputado) (renta del año anterior a la entrevista),2049562,Total
2022-01-01,ES42,Castilla-La Mancha,16000,EUR_HAB,24000,EUR_HAB,26.2,PER_KM2,0.876,Indice,0.91,Tasa de homicidios,39.1,Tasa de criminalidad,22.8,Tasa de riesgo de pobreza (con alquiler imputado) (renta del año anterior a la entrevista),NA,NA
2023-01-01,ES42,Castilla-La Mancha,NA,EUR_HAB,25800,EUR_HAB,26.5,PER_KM2,0.884,Indice,0.71,Tasa de homicidios,40,Tasa de criminalidad,21.2,Tasa de riesgo de pobreza (con alquiler imputado) (renta del año anterior a la entrevista),NA,NA
2008-01-01,ES43,Extremadura,11400,EUR_HAB,17300,EUR_HAB,26.8,PER_KM2,0.833,Indice,NA,NA,NA,NA,NA,NA,NA,NA
2009-01-01,ES43,Extremadura,10800,EUR_HAB,16700,EUR_HAB,27,PER_KM2,0.834,Indice,NA,NA,NA,NA,NA,NA,NA,NA
2010-01-01,ES43,Extremadura,11100,EUR_HAB,17000,EUR_HAB,27,PER_KM2,0.841,Indice,0.27,Tasa de homicidios,27.3,Tasa de criminalidad,28.7,Tasa de riesgo de pobreza (con alquiler imputado) (renta del año anterior a la entrevista),1107220,Total
2011-01-01,ES43,Extremadura,11000,EUR_HAB,16600,EUR_HAB,27.1,PER_KM2,0.847,Indice,0.91,Tasa de homicidios,26.7,Tasa de criminalidad,26.6,Tasa de riesgo de pobreza (con alquiler imputado) (renta del año anterior a la entrevista),1109367,Total
2012-01-01,ES43,Extremadura,10200,EUR_HAB,16000,EUR_HAB,27.1,PER_KM2,0.845,Indice,1.18,Tasa de homicidios,26.7,Tasa de criminalidad,29,Tasa de riesgo de pobreza (con alquiler imputado) (renta del año anterior a la entrevista),1108130,Total
2013-01-01,ES43,Extremadura,10300,EUR_HAB,16000,EUR_HAB,27,PER_KM2,0.85,Indice,0.64,Tasa de homicidios,26.7,Tasa de criminalidad,28.6,Tasa de riesgo de pobreza (con alquiler imputado) (renta del año anterior a la entrevista),1104004,Total
2014-01-01,ES43,Extremadura,10400,EUR_HAB,16100,EUR_HAB,26.8,PER_KM2,0.856,Indice,0.37,Tasa de homicidios,25.8,Tasa de criminalidad,30.4,Tasa de riesgo de pobreza (con alquiler imputado) (renta del año anterior a la entrevista),1099632,Total
2015-01-01,ES43,Extremadura,10800,EUR_HAB,17000,EUR_HAB,26.7,PER_KM2,0.859,Indice,0.09,Tasa de homicidios,25,Tasa de criminalidad,24.1,Tasa de riesgo de pobreza (con alquiler imputado) (renta del año anterior a la entrevista),1092997,Total
2016-01-01,ES43,Extremadura,11200,EUR_HAB,17600,EUR_HAB,26.4,PER_KM2,0.861,Indice,0.65,Tasa de homicidios,24.3,Tasa de criminalidad,26.7,Tasa de riesgo de pobreza (con alquiler imputado) (renta del año anterior a la entrevista),1087778,Total
2017-01-01,ES43,Extremadura,11800,EUR_HAB,18800,EUR_HAB,26.2,PER_KM2,0.865,Indice,0.74,Tasa de homicidios,24.6,Tasa de criminalidad,33.5,Tasa de riesgo de pobreza (con alquiler imputado) (renta del año anterior a la entrevista),1079920,Total
2018-01-01,ES43,Extremadura,12000,EUR_HAB,19400,EUR_HAB,26.1,PER_KM2,0.868,Indice,0.37,Tasa de homicidios,25.1,Tasa de criminalidad,34.5,Tasa de riesgo de pobreza (con alquiler imputado) (renta del año anterior a la entrevista),1072863,Total
2019-01-01,ES43,Extremadura,12600,EUR_HAB,19900,EUR_HAB,26,PER_KM2,0.871,Indice,0.47,Tasa de homicidios,25.9,Tasa de criminalidad,30.4,Tasa de riesgo de pobreza (con alquiler imputado) (renta del año anterior a la entrevista),1067710,Total
2020-01-01,ES43,Extremadura,12100,EUR_HAB,18400,EUR_HAB,26,PER_KM2,0.863,Indice,0.85,Tasa de homicidios,23.6,Tasa de criminalidad,28.1,Tasa de riesgo de pobreza (con alquiler imputado) (renta del año anterior a la entrevista),1063987,Total
2021-01-01,ES43,Extremadura,13000,EUR_HAB,20400,EUR_HAB,25.9,PER_KM2,0.875,Indice,0.38,Tasa de homicidios,25.8,Tasa de criminalidad,26.2,Tasa de riesgo de pobreza (con alquiler imputado) (renta del año anterior a la entrevista),1059501,Total
2022-01-01,ES43,Extremadura,13700,EUR_HAB,21900,EUR_HAB,25.8,PER_KM2,0.877,Indice,0.28,Tasa de homicidios,30.4,Tasa de criminalidad,26.7,Tasa de riesgo de pobreza (con alquiler imputado) (renta del año anterior a la entrevista),NA,NA
2023-01-01,ES43,Extremadura,NA,EUR_HAB,23600,EUR_HAB,25.8,PER_KM2,0.884,Indice,0.38,Tasa de homicidios,33.5,Tasa de criminalidad,23,Tasa de riesgo de pobreza (con alquiler imputado) (renta del año anterior a la entrevista),NA,NA
2008-01-01,ES51,Cataluña,19100,EUR_HAB,28200,EUR_HAB,230.4,PER_KM2,0.873,Indice,NA,NA,NA,NA,NA,NA,NA,NA
2009-01-01,ES51,Cataluña,18100,EUR_HAB,27000,EUR_HAB,232.8,PER_KM2,0.874,Indice,NA,NA,NA,NA,NA,NA,NA,NA
2010-01-01,ES51,Cataluña,18100,EUR_HAB,27100,EUR_HAB,233.8,PER_KM2,0.882,Indice,1.3,Tasa de homicidios,62.2,Tasa de criminalidad,15.1,Tasa de riesgo de pobreza (con alquiler imputado) (renta del año anterior a la entrevista),7512381,Total
2011-01-01,ES51,Cataluña,18000,EUR_HAB,26600,EUR_HAB,234.6,PER_KM2,0.887,Indice,1.01,Tasa de homicidios,60.6,Tasa de criminalidad,14.7,Tasa de riesgo de pobreza (con alquiler imputado) (renta del año anterior a la entrevista),7539618,Total
2012-01-01,ES51,Cataluña,17000,EUR_HAB,25900,EUR_HAB,234.4,PER_KM2,0.888,Indice,0.99,Tasa de homicidios,60.4,Tasa de criminalidad,15.2,Tasa de riesgo de pobreza (con alquiler imputado) (renta del año anterior a la entrevista),7570908,Total
2013-01-01,ES51,Cataluña,17000,EUR_HAB,25900,EUR_HAB,232.9,PER_KM2,0.894,Indice,0.58,Tasa de homicidios,57.9,Tasa de criminalidad,14.7,Tasa de riesgo de pobreza (con alquiler imputado) (renta del año anterior a la entrevista),7553650,Total
2014-01-01,ES51,Cataluña,17300,EUR_HAB,26600,EUR_HAB,232,PER_KM2,0.9,Indice,0.77,Tasa de homicidios,57,Tasa de criminalidad,14.4,Tasa de riesgo de pobreza (con alquiler imputado) (renta del año anterior a la entrevista),7518903,Total
2015-01-01,ES51,Cataluña,18100,EUR_HAB,27800,EUR_HAB,231.9,PER_KM2,0.907,Indice,0.57,Tasa de homicidios,56,Tasa de criminalidad,13.5,Tasa de riesgo de pobreza (con alquiler imputado) (renta del año anterior a la entrevista),7508106,Total
2016-01-01,ES51,Cataluña,18600,EUR_HAB,28800,EUR_HAB,232.3,PER_KM2,0.914,Indice,0.72,Tasa de homicidios,54.2,Tasa de criminalidad,12.6,Tasa de riesgo de pobreza (con alquiler imputado) (renta del año anterior a la entrevista),7522596,Total
2017-01-01,ES51,Cataluña,19200,EUR_HAB,29800,EUR_HAB,233.5,PER_KM2,0.914,Indice,0.87,Tasa de homicidios,56.3,Tasa de criminalidad,13.3,Tasa de riesgo de pobreza (con alquiler imputado) (renta del año anterior a la entrevista),7555830,Total
2018-01-01,ES51,Cataluña,19600,EUR_HAB,30500,EUR_HAB,235.5,PER_KM2,0.916,Indice,0.59,Tasa de homicidios,62.3,Tasa de criminalidad,12.6,Tasa de riesgo de pobreza (con alquiler imputado) (renta del año anterior a la entrevista),7600065,Total
2019-01-01,ES51,Cataluña,20400,EUR_HAB,31300,EUR_HAB,238.1,PER_KM2,0.922,Indice,0.76,Tasa de homicidios,63.8,Tasa de criminalidad,12.6,Tasa de riesgo de pobreza (con alquiler imputado) (renta del año anterior a la entrevista),7675217,Total
2020-01-01,ES51,Cataluña,18800,EUR_HAB,27800,EUR_HAB,238.1,PER_KM2,0.908,Indice,0.62,Tasa de homicidios,45.7,Tasa de criminalidad,15.7,Tasa de riesgo de pobreza (con alquiler imputado) (renta del año anterior a la entrevista),7780479,Total
2021-01-01,ES51,Cataluña,20200,EUR_HAB,30400,EUR_HAB,239.7,PER_KM2,0.922,Indice,0.74,Tasa de homicidios,50.5,Tasa de criminalidad,13.8,Tasa de riesgo de pobreza (con alquiler imputado) (renta del año anterior a la entrevista),7763362,Total
2022-01-01,ES51,Cataluña,21500,EUR_HAB,33000,EUR_HAB,245,PER_KM2,0.922,Indice,0.79,Tasa de homicidios,60.7,Tasa de criminalidad,14.2,Tasa de riesgo de pobreza (con alquiler imputado) (renta del año anterior a la entrevista),NA,NA
2023-01-01,ES51,Cataluña,NA,EUR_HAB,35300,EUR_HAB,248.9,PER_KM2,0.929,Indice,0.88,Tasa de homicidios,63.9,Tasa de criminalidad,12.9,Tasa de riesgo de pobreza (con alquiler imputado) (renta del año anterior a la entrevista),NA,NA
2008-01-01,ES52,Comunidad Valenciana,14600,EUR_HAB,21800,EUR_HAB,215,PER_KM2,0.856,Indice,NA,NA,NA,NA,NA,NA,NA,NA
2009-01-01,ES52,Comunidad Valenciana,13400,EUR_HAB,20500,EUR_HAB,216.3,PER_KM2,0.857,Indice,NA,NA,NA,NA,NA,NA,NA,NA
2010-01-01,ES52,Comunidad Valenciana,13300,EUR_HAB,20400,EUR_HAB,216.7,PER_KM2,0.864,Indice,0.92,Tasa de homicidios,57.6,Tasa de criminalidad,18.1,Tasa de riesgo de pobreza (con alquiler imputado) (renta del año anterior a la entrevista),5111706,Total
2011-01-01,ES52,Comunidad Valenciana,13300,EUR_HAB,20100,EUR_HAB,217.1,PER_KM2,0.869,Indice,0.92,Tasa de homicidios,56.9,Tasa de criminalidad,17.8,Tasa de riesgo de pobreza (con alquiler imputado) (renta del año anterior a la entrevista),5117190,Total
2012-01-01,ES52,Comunidad Valenciana,12400,EUR_HAB,19200,EUR_HAB,216.9,PER_KM2,0.87,Indice,1.02,Tasa de homicidios,55.6,Tasa de criminalidad,22.5,Tasa de riesgo de pobreza (con alquiler imputado) (renta del año anterior a la entrevista),5129266,Total
2013-01-01,ES52,Comunidad Valenciana,12300,EUR_HAB,19100,EUR_HAB,215.7,PER_KM2,0.876,Indice,0.64,Tasa de homicidios,52.4,Tasa de criminalidad,20.9,Tasa de riesgo de pobreza (con alquiler imputado) (renta del año anterior a la entrevista),5113815,Total
2014-01-01,ES52,Comunidad Valenciana,12600,EUR_HAB,19600,EUR_HAB,213.8,PER_KM2,0.88,Indice,0.65,Tasa de homicidios,50,Tasa de criminalidad,24.4,Tasa de riesgo de pobreza (con alquiler imputado) (renta del año anterior a la entrevista),5004844,Total
2015-01-01,ES52,Comunidad Valenciana,13100,EUR_HAB,20500,EUR_HAB,213.3,PER_KM2,0.885,Indice,0.97,Tasa de homicidios,47.5,Tasa de criminalidad,23,Tasa de riesgo de pobreza (con alquiler imputado) (renta del año anterior a la entrevista),4980689,Total
2016-01-01,ES52,Comunidad Valenciana,13500,EUR_HAB,21100,EUR_HAB,213.3,PER_KM2,0.888,Indice,0.61,Tasa de homicidios,46.6,Tasa de criminalidad,23.1,Tasa de riesgo de pobreza (con alquiler imputado) (renta del año anterior a la entrevista),4959968,Total
2017-01-01,ES52,Comunidad Valenciana,14100,EUR_HAB,22000,EUR_HAB,213.6,PER_KM2,0.89,Indice,0.83,Tasa de homicidios,46,Tasa de criminalidad,24.2,Tasa de riesgo de pobreza (con alquiler imputado) (renta del año anterior a la entrevista),4941509,Total
2018-01-01,ES52,Comunidad Valenciana,14600,EUR_HAB,22700,EUR_HAB,214.4,PER_KM2,0.894,Indice,0.5,Tasa de homicidios,46.7,Tasa de criminalidad,23,Tasa de riesgo de pobreza (con alquiler imputado) (renta del año anterior a la entrevista),4963703,Total
2019-01-01,ES52,Comunidad Valenciana,15200,EUR_HAB,23200,EUR_HAB,216.2,PER_KM2,0.9,Indice,0.8,Tasa de homicidios,46.4,Tasa de criminalidad,20.6,Tasa de riesgo de pobreza (con alquiler imputado) (renta del año anterior a la entrevista),5003769,Total
2020-01-01,ES52,Comunidad Valenciana,14300,EUR_HAB,21000,EUR_HAB,216.2,PER_KM2,0.894,Indice,0.73,Tasa de homicidios,38.2,Tasa de criminalidad,22.2,Tasa de riesgo de pobreza (con alquiler imputado) (renta del año anterior a la entrevista),5057353,Total
2021-01-01,ES52,Comunidad Valenciana,15300,EUR_HAB,22900,EUR_HAB,217.8,PER_KM2,0.9,Indice,0.69,Tasa de homicidios,44.4,Tasa de criminalidad,21.3,Tasa de riesgo de pobreza (con alquiler imputado) (renta del año anterior a la entrevista),5058138,Total
2022-01-01,ES52,Comunidad Valenciana,16100,EUR_HAB,24700,EUR_HAB,223.1,PER_KM2,0.897,Indice,0.72,Tasa de homicidios,51,Tasa de criminalidad,19.4,Tasa de riesgo de pobreza (con alquiler imputado) (renta del año anterior a la entrevista),NA,NA
2023-01-01,ES52,Comunidad Valenciana,NA,EUR_HAB,26500,EUR_HAB,227.7,PER_KM2,0.905,Indice,0.63,Tasa de homicidios,54.5,Tasa de criminalidad,20.1,Tasa de riesgo de pobreza (con alquiler imputado) (renta del año anterior a la entrevista),NA,NA
2008-01-01,ES53,Illes Balears,17500,EUR_HAB,26400,EUR_HAB,211.7,PER_KM2,0.835,Indice,NA,NA,NA,NA,NA,NA,NA,NA
2009-01-01,ES53,Illes Balears,16300,EUR_HAB,24800,EUR_HAB,215.7,PER_KM2,0.835,Indice,NA,NA,NA,NA,NA,NA,NA,NA
2010-01-01,ES53,Illes Balears,16100,EUR_HAB,24600,EUR_HAB,217.9,PER_KM2,0.842,Indice,NA,NA,NA,NA,NA,NA,NA,NA
2011-01-01,ES53,Illes Balears,16200,EUR_HAB,24300,EUR_HAB,219.6,PER_KM2,0.848,Indice,NA,NA,NA,NA,NA,NA,NA,NA
2012-01-01,ES53,Illes Balears,15400,EUR_HAB,23800,EUR_HAB,221.5,PER_KM2,0.85,Indice,NA,NA,NA,NA,NA,NA,NA,NA
2013-01-01,ES53,Illes Balears,15400,EUR_HAB,23700,EUR_HAB,223,PER_KM2,0.856,Indice,NA,NA,NA,NA,NA,NA,NA,NA
2014-01-01,ES53,Illes Balears,15700,EUR_HAB,24500,EUR_HAB,224.8,PER_KM2,0.859,Indice,NA,NA,NA,NA,NA,NA,NA,NA
2015-01-01,ES53,Illes Balears,16600,EUR_HAB,25700,EUR_HAB,226.8,PER_KM2,0.865,Indice,NA,NA,NA,NA,NA,NA,NA,NA
2016-01-01,ES53,Illes Balears,17400,EUR_HAB,26900,EUR_HAB,229.9,PER_KM2,0.871,Indice,NA,NA,NA,NA,NA,NA,NA,NA
2017-01-01,ES53,Illes Balears,18200,EUR_HAB,28000,EUR_HAB,233,PER_KM2,0.872,Indice,NA,NA,NA,NA,NA,NA,NA,NA
2018-01-01,ES53,Illes Balears,18900,EUR_HAB,28900,EUR_HAB,236.8,PER_KM2,0.875,Indice,NA,NA,NA,NA,NA,NA,NA,NA
2019-01-01,ES53,Illes Balears,19600,EUR_HAB,29500,EUR_HAB,241.2,PER_KM2,0.881,Indice,NA,NA,NA,NA,NA,NA,NA,NA
2020-01-01,ES53,Illes Balears,15900,EUR_HAB,22600,EUR_HAB,241.2,PER_KM2,0.874,Indice,NA,NA,NA,NA,NA,NA,NA,NA
2021-01-01,ES53,Illes Balears,17600,EUR_HAB,25800,EUR_HAB,244.4,PER_KM2,0.883,Indice,NA,NA,NA,NA,NA,NA,NA,NA
2022-01-01,ES53,Illes Balears,20600,EUR_HAB,31000,EUR_HAB,241,PER_KM2,0.88,Indice,NA,NA,NA,NA,NA,NA,NA,NA
2023-01-01,ES53,Illes Balears,NA,EUR_HAB,34400,EUR_HAB,245.5,PER_KM2,0.887,Indice,NA,NA,NA,NA,NA,NA,NA,NA
2008-01-01,ES61,Andalucía,12300,EUR_HAB,18600,EUR_HAB,94.4,PER_KM2,0.84,Indice,NA,NA,NA,NA,NA,NA,NA,NA
2009-01-01,ES61,Andalucía,11700,EUR_HAB,17700,EUR_HAB,95.3,PER_KM2,0.841,Indice,NA,NA,NA,NA,NA,NA,NA,NA
2010-01-01,ES61,Andalucía,11600,EUR_HAB,17600,EUR_HAB,96,PER_KM2,0.848,Indice,0.94,Tasa de homicidios,49.3,Tasa de criminalidad,22.9,Tasa de riesgo de pobreza (con alquiler imputado) (renta del año anterior a la entrevista),8370975,Total
2011-01-01,ES61,Andalucía,11500,EUR_HAB,17300,EUR_HAB,96.6,PER_KM2,0.852,Indice,1.02,Tasa de homicidios,48.7,Tasa de criminalidad,25.6,Tasa de riesgo de pobreza (con alquiler imputado) (renta del año anterior a la entrevista),8424102,Total
2012-01-01,ES61,Andalucía,10700,EUR_HAB,16600,EUR_HAB,96.9,PER_KM2,0.853,Indice,0.81,Tasa de homicidios,47.1,Tasa de criminalidad,24.4,Tasa de riesgo de pobreza (con alquiler imputado) (renta del año anterior a la entrevista),8449985,Total
2013-01-01,ES61,Andalucía,10700,EUR_HAB,16400,EUR_HAB,97,PER_KM2,0.858,Indice,0.78,Tasa de homicidios,44.6,Tasa de criminalidad,26.6,Tasa de riesgo de pobreza (con alquiler imputado) (renta del año anterior a la entrevista),8440300,Total
2014-01-01,ES61,Andalucía,10800,EUR_HAB,16600,EUR_HAB,96.8,PER_KM2,0.859,Indice,0.82,Tasa de homicidios,42,Tasa de criminalidad,29,Tasa de riesgo de pobreza (con alquiler imputado) (renta del año anterior a la entrevista),8402305,Total
2015-01-01,ES61,Andalucía,11300,EUR_HAB,17500,EUR_HAB,96.9,PER_KM2,0.863,Indice,0.78,Tasa de homicidios,40.2,Tasa de criminalidad,30,Tasa de riesgo de pobreza (con alquiler imputado) (renta del año anterior a la entrevista),8399043,Total
2016-01-01,ES61,Andalucía,11500,EUR_HAB,17900,EUR_HAB,96.9,PER_KM2,0.868,Indice,0.81,Tasa de homicidios,39.5,Tasa de criminalidad,30.3,Tasa de riesgo de pobreza (con alquiler imputado) (renta del año anterior a la entrevista),8388107,Total
2017-01-01,ES61,Andalucía,12000,EUR_HAB,18700,EUR_HAB,96.9,PER_KM2,0.871,Indice,0.58,Tasa de homicidios,39.9,Tasa de criminalidad,27.5,Tasa de riesgo de pobreza (con alquiler imputado) (renta del año anterior a la entrevista),8379820,Total
2018-01-01,ES61,Andalucía,12600,EUR_HAB,19300,EUR_HAB,97,PER_KM2,0.873,Indice,0.86,Tasa de homicidios,39.9,Tasa de criminalidad,27.6,Tasa de riesgo de pobreza (con alquiler imputado) (renta del año anterior a la entrevista),8384408,Total
2019-01-01,ES61,Andalucía,13100,EUR_HAB,19700,EUR_HAB,97.4,PER_KM2,0.878,Indice,0.97,Tasa de homicidios,40.2,Tasa de criminalidad,28.1,Tasa de riesgo de pobreza (con alquiler imputado) (renta del año anterior a la entrevista),8414240,Total
2020-01-01,ES61,Andalucía,12400,EUR_HAB,17800,EUR_HAB,97.4,PER_KM2,0.872,Indice,0.72,Tasa de homicidios,34,Tasa de criminalidad,24.4,Tasa de riesgo de pobreza (con alquiler imputado) (renta del año anterior a la entrevista),8464411,Total
2021-01-01,ES61,Andalucía,13400,EUR_HAB,19600,EUR_HAB,97.8,PER_KM2,0.881,Indice,0.65,Tasa de homicidios,37.1,Tasa de criminalidad,27.9,Tasa de riesgo de pobreza (con alquiler imputado) (renta del año anterior a la entrevista),8472407,Total
2022-01-01,ES61,Andalucía,14300,EUR_HAB,21500,EUR_HAB,98.5,PER_KM2,0.882,Indice,0.86,Tasa de homicidios,44.4,Tasa de criminalidad,24.3,Tasa de riesgo de pobreza (con alquiler imputado) (renta del año anterior a la entrevista),NA,NA
2023-01-01,ES61,Andalucía,NA,EUR_HAB,23200,EUR_HAB,99.2,PER_KM2,0.889,Indice,0.82,Tasa de homicidios,48,Tasa de criminalidad,25.5,Tasa de riesgo de pobreza (con alquiler imputado) (renta del año anterior a la entrevista),NA,NA
2008-01-01,ES62,Región de Murcia,13500,EUR_HAB,20600,EUR_HAB,126.7,PER_KM2,0.845,Indice,NA,NA,NA,NA,NA,NA,NA,NA
2009-01-01,ES62,Región de Murcia,12600,EUR_HAB,19400,EUR_HAB,128.2,PER_KM2,0.846,Indice,NA,NA,NA,NA,NA,NA,NA,NA
2010-01-01,ES62,Región de Murcia,12700,EUR_HAB,19500,EUR_HAB,129,PER_KM2,0.854,Indice,NA,NA,NA,NA,NA,NA,NA,NA
2011-01-01,ES62,Región de Murcia,12500,EUR_HAB,19000,EUR_HAB,129.4,PER_KM2,0.858,Indice,NA,NA,NA,NA,NA,NA,NA,NA
2012-01-01,ES62,Región de Murcia,11700,EUR_HAB,18400,EUR_HAB,129.5,PER_KM2,0.859,Indice,NA,NA,NA,NA,NA,NA,NA,NA
2013-01-01,ES62,Región de Murcia,11800,EUR_HAB,18500,EUR_HAB,129.5,PER_KM2,0.866,Indice,NA,NA,NA,NA,NA,NA,NA,NA
2014-01-01,ES62,Región de Murcia,11800,EUR_HAB,18600,EUR_HAB,129.5,PER_KM2,0.868,Indice,NA,NA,NA,NA,NA,NA,NA,NA
2015-01-01,ES62,Región de Murcia,12400,EUR_HAB,19900,EUR_HAB,129.7,PER_KM2,0.874,Indice,NA,NA,NA,NA,NA,NA,NA,NA
2016-01-01,ES62,Región de Murcia,12700,EUR_HAB,20400,EUR_HAB,130,PER_KM2,0.879,Indice,NA,NA,NA,NA,NA,NA,NA,NA
2017-01-01,ES62,Región de Murcia,13200,EUR_HAB,21100,EUR_HAB,130.4,PER_KM2,0.883,Indice,NA,NA,NA,NA,NA,NA,NA,NA
2018-01-01,ES62,Región de Murcia,13800,EUR_HAB,21400,EUR_HAB,131.1,PER_KM2,0.886,Indice,NA,NA,NA,NA,NA,NA,NA,NA
2019-01-01,ES62,Región de Murcia,14500,EUR_HAB,22000,EUR_HAB,132.4,PER_KM2,0.886,Indice,NA,NA,NA,NA,NA,NA,NA,NA
2020-01-01,ES62,Región de Murcia,13800,EUR_HAB,20100,EUR_HAB,132.4,PER_KM2,0.883,Indice,NA,NA,NA,NA,NA,NA,NA,NA
2021-01-01,ES62,Región de Murcia,14900,EUR_HAB,22100,EUR_HAB,133.5,PER_KM2,0.891,Indice,NA,NA,NA,NA,NA,NA,NA,NA
2022-01-01,ES62,Región de Murcia,15900,EUR_HAB,24300,EUR_HAB,136.3,PER_KM2,0.885,Indice,NA,NA,NA,NA,NA,NA,NA,NA
2023-01-01,ES62,Región de Murcia,NA,EUR_HAB,25900,EUR_HAB,138,PER_KM2,0.893,Indice,NA,NA,NA,NA,NA,NA,NA,NA
2008-01-01,ES63,Ciudad Autónoma de Ceuta,14600,EUR_HAB,19600,EUR_HAB,3950.6,PER_KM2,0.824,Indice,NA,NA,NA,NA,NA,NA,NA,NA
2009-01-01,ES63,Ciudad Autónoma de Ceuta,14000,EUR_HAB,19100,EUR_HAB,4055.6,PER_KM2,0.822,Indice,NA,NA,NA,NA,NA,NA,NA,NA
2010-01-01,ES63,Ciudad Autónoma de Ceuta,13600,EUR_HAB,18500,EUR_HAB,4177.4,PER_KM2,0.825,Indice,NA,NA,NA,NA,NA,NA,NA,NA
2011-01-01,ES63,Ciudad Autónoma de Ceuta,13300,EUR_HAB,18000,EUR_HAB,4295.6,PER_KM2,0.83,Indice,NA,NA,NA,NA,NA,NA,NA,NA
2012-01-01,ES63,Ciudad Autónoma de Ceuta,12300,EUR_HAB,17100,EUR_HAB,4371.3,PER_KM2,0.839,Indice,NA,NA,NA,NA,NA,NA,NA,NA
2013-01-01,ES63,Ciudad Autónoma de Ceuta,12600,EUR_HAB,17200,EUR_HAB,4392.9,PER_KM2,0.837,Indice,NA,NA,NA,NA,NA,NA,NA,NA
2014-01-01,ES63,Ciudad Autónoma de Ceuta,12500,EUR_HAB,17100,EUR_HAB,4457,PER_KM2,0.845,Indice,NA,NA,NA,NA,NA,NA,NA,NA
2015-01-01,ES63,Ciudad Autónoma de Ceuta,12900,EUR_HAB,17800,EUR_HAB,4456.4,PER_KM2,0.856,Indice,NA,NA,NA,NA,NA,NA,NA,NA
2016-01-01,ES63,Ciudad Autónoma de Ceuta,13100,EUR_HAB,18200,EUR_HAB,4242.2,PER_KM2,0.857,Indice,NA,NA,NA,NA,NA,NA,NA,NA
2017-01-01,ES63,Ciudad Autónoma de Ceuta,13100,EUR_HAB,18300,EUR_HAB,4256.1,PER_KM2,0.854,Indice,NA,NA,NA,NA,NA,NA,NA,NA
2018-01-01,ES63,Ciudad Autónoma de Ceuta,13500,EUR_HAB,18900,EUR_HAB,4251,PER_KM2,0.859,Indice,NA,NA,NA,NA,NA,NA,NA,NA
2019-01-01,ES63,Ciudad Autónoma de Ceuta,14200,EUR_HAB,19600,EUR_HAB,4222.9,PER_KM2,0.862,Indice,NA,NA,NA,NA,NA,NA,NA,NA
2020-01-01,ES63,Ciudad Autónoma de Ceuta,13700,EUR_HAB,18200,EUR_HAB,4222.9,PER_KM2,0.857,Indice,NA,NA,NA,NA,NA,NA,NA,NA
2021-01-01,ES63,Ciudad Autónoma de Ceuta,14600,EUR_HAB,19700,EUR_HAB,4190.1,PER_KM2,0.86,Indice,NA,NA,NA,NA,NA,NA,NA,NA
2022-01-01,ES63,Ciudad Autónoma de Ceuta,15400,EUR_HAB,21300,EUR_HAB,4152.7,PER_KM2,0.861,Indice,NA,NA,NA,NA,NA,NA,NA,NA
2023-01-01,ES63,Ciudad Autónoma de Ceuta,NA,EUR_HAB,22800,EUR_HAB,4155.8,PER_KM2,0.868,Indice,NA,NA,NA,NA,NA,NA,NA,NA
2008-01-01,ES64,Ciudad Autónoma de Melilla,13600,EUR_HAB,18800,EUR_HAB,5391.8,PER_KM2,0.814,Indice,NA,NA,NA,NA,NA,NA,NA,NA
2009-01-01,ES64,Ciudad Autónoma de Melilla,13000,EUR_HAB,18300,EUR_HAB,5571,PER_KM2,0.824,Indice,NA,NA,NA,NA,NA,NA,NA,NA
2010-01-01,ES64,Ciudad Autónoma de Melilla,12800,EUR_HAB,17700,EUR_HAB,5776.1,PER_KM2,0.828,Indice,NA,NA,NA,NA,NA,NA,NA,NA
2011-01-01,ES64,Ciudad Autónoma de Melilla,12600,EUR_HAB,17100,EUR_HAB,5990.2,PER_KM2,0.828,Indice,NA,NA,NA,NA,NA,NA,NA,NA
2012-01-01,ES64,Ciudad Autónoma de Melilla,11500,EUR_HAB,16000,EUR_HAB,6167.5,PER_KM2,0.827,Indice,NA,NA,NA,NA,NA,NA,NA,NA
2013-01-01,ES64,Ciudad Autónoma de Melilla,11600,EUR_HAB,16000,EUR_HAB,6245,PER_KM2,0.833,Indice,NA,NA,NA,NA,NA,NA,NA,NA
2014-01-01,ES64,Ciudad Autónoma de Melilla,11600,EUR_HAB,16000,EUR_HAB,6478.5,PER_KM2,0.837,Indice,NA,NA,NA,NA,NA,NA,NA,NA
2015-01-01,ES64,Ciudad Autónoma de Melilla,12000,EUR_HAB,16500,EUR_HAB,6512.8,PER_KM2,0.838,Indice,NA,NA,NA,NA,NA,NA,NA,NA
2016-01-01,ES64,Ciudad Autónoma de Melilla,12200,EUR_HAB,17000,EUR_HAB,6061.1,PER_KM2,0.847,Indice,NA,NA,NA,NA,NA,NA,NA,NA
2017-01-01,ES64,Ciudad Autónoma de Melilla,12300,EUR_HAB,17100,EUR_HAB,6059.1,PER_KM2,0.851,Indice,NA,NA,NA,NA,NA,NA,NA,NA
2018-01-01,ES64,Ciudad Autónoma de Melilla,12700,EUR_HAB,17500,EUR_HAB,6049.9,PER_KM2,0.85,Indice,NA,NA,NA,NA,NA,NA,NA,NA
2019-01-01,ES64,Ciudad Autónoma de Melilla,13200,EUR_HAB,18100,EUR_HAB,6041.5,PER_KM2,0.858,Indice,NA,NA,NA,NA,NA,NA,NA,NA
2020-01-01,ES64,Ciudad Autónoma de Melilla,12700,EUR_HAB,16800,EUR_HAB,6041.5,PER_KM2,0.85,Indice,NA,NA,NA,NA,NA,NA,NA,NA
2021-01-01,ES64,Ciudad Autónoma de Melilla,13600,EUR_HAB,17900,EUR_HAB,6017.7,PER_KM2,0.861,Indice,NA,NA,NA,NA,NA,NA,NA,NA
2022-01-01,ES64,Ciudad Autónoma de Melilla,14600,EUR_HAB,19500,EUR_HAB,6086.6,PER_KM2,0.867,Indice,NA,NA,NA,NA,NA,NA,NA,NA
2023-01-01,ES64,Ciudad Autónoma de Melilla,NA,EUR_HAB,20500,EUR_HAB,6124.2,PER_KM2,0.874,Indice,NA,NA,NA,NA,NA,NA,NA,NA
2008-01-01,ES70,Canarias,13900,EUR_HAB,20500,EUR_HAB,269.7,PER_KM2,0.833,Indice,NA,NA,NA,NA,NA,NA,NA,NA
2009-01-01,ES70,Canarias,13000,EUR_HAB,19400,EUR_HAB,273.3,PER_KM2,0.839,Indice,NA,NA,NA,NA,NA,NA,NA,NA
2010-01-01,ES70,Canarias,13000,EUR_HAB,19400,EUR_HAB,276,PER_KM2,0.847,Indice,0.83,Tasa de homicidios,45.8,Tasa de criminalidad,25,Tasa de riesgo de pobreza (con alquiler imputado) (renta del año anterior a la entrevista),2118519,Total
2011-01-01,ES70,Canarias,13000,EUR_HAB,19100,EUR_HAB,278.7,PER_KM2,0.848,Indice,0.82,Tasa de homicidios,47.7,Tasa de criminalidad,27.7,Tasa de riesgo de pobreza (con alquiler imputado) (renta del año anterior a la entrevista),2126769,Total
2012-01-01,ES70,Canarias,12200,EUR_HAB,18300,EUR_HAB,281.4,PER_KM2,0.851,Indice,0.72,Tasa de homicidios,46.9,Tasa de criminalidad,31.6,Tasa de riesgo de pobreza (con alquiler imputado) (renta del año anterior a la entrevista),2118344,Total
2013-01-01,ES70,Canarias,12200,EUR_HAB,18200,EUR_HAB,283.3,PER_KM2,0.857,Indice,0.62,Tasa de homicidios,44.5,Tasa de criminalidad,23.4,Tasa de riesgo de pobreza (con alquiler imputado) (renta del año anterior a la entrevista),2118679,Total
2014-01-01,ES70,Canarias,12300,EUR_HAB,18300,EUR_HAB,284.9,PER_KM2,0.86,Indice,0.57,Tasa de homicidios,43,Tasa de criminalidad,25.2,Tasa de riesgo de pobreza (con alquiler imputado) (renta del año anterior a la entrevista),2104815,Total
2015-01-01,ES70,Canarias,12800,EUR_HAB,18900,EUR_HAB,286.3,PER_KM2,0.865,Indice,0.95,Tasa de homicidios,42.7,Tasa de criminalidad,25.5,Tasa de riesgo de pobreza (con alquiler imputado) (renta del año anterior a la entrevista),2100306,Total
2016-01-01,ES70,Canarias,13200,EUR_HAB,19500,EUR_HAB,289.1,PER_KM2,0.868,Indice,1,Tasa de homicidios,42.1,Tasa de criminalidad,28.1,Tasa de riesgo de pobreza (con alquiler imputado) (renta del año anterior a la entrevista),2101924,Total
2017-01-01,ES70,Canarias,13800,EUR_HAB,20300,EUR_HAB,291.8,PER_KM2,0.871,Indice,0.94,Tasa de homicidios,43.1,Tasa de criminalidad,25.9,Tasa de riesgo de pobreza (con alquiler imputado) (renta del año anterior a la entrevista),2108121,Total
2018-01-01,ES70,Canarias,14100,EUR_HAB,20900,EUR_HAB,295.3,PER_KM2,0.87,Indice,1.17,Tasa de homicidios,42.4,Tasa de criminalidad,29,Tasa de riesgo de pobreza (con alquiler imputado) (renta del año anterior a la entrevista),2127685,Total
2019-01-01,ES70,Canarias,14700,EUR_HAB,21200,EUR_HAB,299.4,PER_KM2,0.876,Indice,0.92,Tasa de homicidios,44.2,Tasa de criminalidad,22.7,Tasa de riesgo de pobreza (con alquiler imputado) (renta del año anterior a la entrevista),2153389,Total
2020-01-01,ES70,Canarias,12700,EUR_HAB,17200,EUR_HAB,299.4,PER_KM2,0.871,Indice,0.55,Tasa de homicidios,38.4,Tasa de criminalidad,28,Tasa de riesgo de pobreza (con alquiler imputado) (renta del año anterior a la entrevista),2175952,Total
2021-01-01,ES70,Canarias,13800,EUR_HAB,19000,EUR_HAB,301.9,PER_KM2,0.879,Indice,0.73,Tasa de homicidios,37.3,Tasa de criminalidad,26.8,Tasa de riesgo de pobreza (con alquiler imputado) (renta del año anterior a la entrevista),2172944,Total
2022-01-01,ES70,Canarias,15400,EUR_HAB,22100,EUR_HAB,296.3,PER_KM2,0.876,Indice,0.58,Tasa de homicidios,43.4,Tasa de criminalidad,25.3,Tasa de riesgo de pobreza (con alquiler imputado) (renta del año anterior a la entrevista),NA,NA
2023-01-01,ES70,Canarias,NA,EUR_HAB,24300,EUR_HAB,299.9,PER_KM2,0.884,Indice,0.76,Tasa de homicidios,46.8,Tasa de criminalidad,24.8,Tasa de riesgo de pobreza (con alquiler imputado) (renta del año anterior a la entrevista),NA,NA
