anio,id_region,region,renta_media_hogar,renta_media_hogar_unidad,pbi_per_capita,pbi_per_capita_unidad,densidad_pobl,densidad_pobl_unidad,poblacion,poblacion_unidad,tasa_pobreza,tasa_pobreza_unidad,denuncias,denuncias_unidad,tasa_criminalidad,tasa_criminalidad_unidad,hdi,hdi_unidad
2008-01-01,ITC1,Piemonte,22700,EUR_HAB,29400,EUR_HAB,174.7,PER_KM2,NA,NA,12.1,PC,130158.75,NR,NA,por 100.000 hab.,0.888,Indice
2009-01-01,ITC1,Piemonte,21100,EUR_HAB,27300,EUR_HAB,175.3,PER_KM2,NA,NA,10.6,PC,124752.43,NR,NA,por 100.000 hab.,0.886,Indice
2010-01-01,ITC1,Piemonte,21100,EUR_HAB,28300,EUR_HAB,175.5,PER_KM2,NA,NA,13.2,PC,34542.13,NR,NA,por 100.000 hab.,0.89,Indice
2011-01-01,ITC1,Piemonte,21500,EUR_HAB,28900,EUR_HAB,175.4,PER_KM2,NA,NA,13.2,PC,37032.53,NR,NA,por 100.000 hab.,0.893,Indice
2012-01-01,ITC1,Piemonte,20900,EUR_HAB,27900,EUR_HAB,175.6,PER_KM2,NA,NA,12.9,PC,40097.51,NR,NA,por 100.000 hab.,0.89,Indice
2013-01-01,ITC1,Piemonte,20800,EUR_HAB,28200,EUR_HAB,173.5,PER_KM2,NA,NA,11.1,PC,146546.48,NR,NA,por 100.000 hab.,0.89,Indice
2014-01-01,ITC1,Piemonte,20900,EUR_HAB,28200,EUR_HAB,178.2,PER_KM2,4420924,NR,13.8,PC,149145.47,NR,3373.6,por 100.000 hab.,0.894,Indice
2015-01-01,ITC1,Piemonte,21300,EUR_HAB,28900,EUR_HAB,177.6,PER_KM2,4403562,NR,11.9,PC,135362.78,NR,3073.9,por 100.000 hab.,0.893,Indice
2016-01-01,ITC1,Piemonte,21500,EUR_HAB,29700,EUR_HAB,176.9,PER_KM2,4384226,NR,14.2,PC,125336.63,NR,2858.8,por 100.000 hab.,0.899,Indice
2017-01-01,ITC1,Piemonte,22100,EUR_HAB,30800,EUR_HAB,174.3,PER_KM2,4370348,NR,14,PC,109697.79,NR,2510,por 100.000 hab.,0.904,Indice
2018-01-01,ITC1,Piemonte,22700,EUR_HAB,31600,EUR_HAB,173.6,PER_KM2,4349911,NR,14.2,PC,100330.59,NR,2306.5,por 100.000 hab.,0.908,Indice
2019-01-01,ITC1,Piemonte,22900,EUR_HAB,31900,EUR_HAB,172.3,PER_KM2,4328565,NR,13.4,PC,89971.62,NR,2078.6,por 100.000 hab.,0.912,Indice
2020-01-01,ITC1,Piemonte,21300,EUR_HAB,29500,EUR_HAB,171.8,PER_KM2,4311217,NR,13.5,PC,60717.43,NR,1408.4,por 100.000 hab.,0.903,Indice
2021-01-01,ITC1,Piemonte,23000,EUR_HAB,32200,EUR_HAB,170.7,PER_KM2,4274945,NR,13.7,PC,72502.21,NR,1696,por 100.000 hab.,0.916,Indice
2022-01-01,ITC1,Piemonte,24500,EUR_HAB,34500,EUR_HAB,169.1,PER_KM2,4256350,NR,13.3,PC,78241.02,NR,1838.2,por 100.000 hab.,0.911,Indice
2023-01-01,ITC1,Piemonte,26100,EUR_HAB,36700,EUR_HAB,169,PER_KM2,4251351,NR,11.9,PC,0,NR,0,por 100.000 hab.,0.92,Indice
2008-01-01,ITC2,Valle d'Aosta/Vallée d'Aoste,23000,EUR_HAB,37500,EUR_HAB,38.9,PER_KM2,NA,NA,9,PC,4148.11,NR,NA,por 100.000 hab.,NA,NA
2009-01-01,ITC2,Valle d'Aosta/Vallée d'Aoste,22100,EUR_HAB,35700,EUR_HAB,39.1,PER_KM2,NA,NA,9.3,PC,4030.5,NR,NA,por 100.000 hab.,NA,NA
2010-01-01,ITC2,Valle d'Aosta/Vallée d'Aoste,22200,EUR_HAB,37300,EUR_HAB,39.1,PER_KM2,NA,NA,9.2,PC,946.56,NR,NA,por 100.000 hab.,NA,NA
2011-01-01,ITC2,Valle d'Aosta/Vallée d'Aoste,22400,EUR_HAB,38000,EUR_HAB,39.1,PER_KM2,NA,NA,8.5,PC,1033.98,NR,NA,por 100.000 hab.,NA,NA
2012-01-01,ITC2,Valle d'Aosta/Vallée d'Aoste,22000,EUR_HAB,38200,EUR_HAB,39.3,PER_KM2,NA,NA,9.7,PC,1283.26,NR,NA,por 100.000 hab.,NA,NA
2013-01-01,ITC2,Valle d'Aosta/Vallée d'Aoste,21200,EUR_HAB,36500,EUR_HAB,39.3,PER_KM2,NA,NA,9.5,PC,3596.4900000000002,NR,NA,por 100.000 hab.,NA,NA
2014-01-01,ITC2,Valle d'Aosta/Vallée d'Aoste,21100,EUR_HAB,36300,EUR_HAB,39.7,PER_KM2,128245,NR,8.4,PC,3853.9700000000003,NR,3005.2,por 100.000 hab.,NA,NA
2015-01-01,ITC2,Valle d'Aosta/Vallée d'Aoste,21200,EUR_HAB,36500,EUR_HAB,39.5,PER_KM2,127972,NR,7,PC,3555.2999999999997,NR,2778.2,por 100.000 hab.,NA,NA
2016-01-01,ITC2,Valle d'Aosta/Vallée d'Aoste,21100,EUR_HAB,36300,EUR_HAB,39.2,PER_KM2,127030,NR,14.6,PC,3285.07,NR,2586.1,por 100.000 hab.,NA,NA
2017-01-01,ITC2,Valle d'Aosta/Vallée d'Aoste,21400,EUR_HAB,37800,EUR_HAB,39,PER_KM2,126677,NR,13.8,PC,2909.29,NR,2296.6,por 100.000 hab.,NA,NA
2018-01-01,ITC2,Valle d'Aosta/Vallée d'Aoste,21800,EUR_HAB,38300,EUR_HAB,38.8,PER_KM2,126213,NR,12,PC,2575.64,NR,2040.7,por 100.000 hab.,NA,NA
2019-01-01,ITC2,Valle d'Aosta/Vallée d'Aoste,21900,EUR_HAB,38800,EUR_HAB,38.6,PER_KM2,125653,NR,6.1,PC,1844.33,NR,1467.8,por 100.000 hab.,NA,NA
2020-01-01,ITC2,Valle d'Aosta/Vallée d'Aoste,19800,EUR_HAB,35800,EUR_HAB,38.6,PER_KM2,125034,NR,4.9,PC,1524.41,NR,1219.2,por 100.000 hab.,NA,NA
2021-01-01,ITC2,Valle d'Aosta/Vallée d'Aoste,21400,EUR_HAB,38700,EUR_HAB,38.4,PER_KM2,124089,NR,8,PC,1383.3,NR,1114.8,por 100.000 hab.,NA,NA
2022-01-01,ITC2,Valle d'Aosta/Vallée d'Aoste,23200,EUR_HAB,44000,EUR_HAB,38,PER_KM2,123360,NR,5.6,PC,1823.31,NR,1478,por 100.000 hab.,NA,NA
2023-01-01,ITC2,Valle d'Aosta/Vallée d'Aoste,25000,EUR_HAB,46300,EUR_HAB,37.9,PER_KM2,123130,NR,10.8,PC,0,NR,0,por 100.000 hab.,NA,NA
2008-01-01,ITC3,Liguria,21700,EUR_HAB,30700,EUR_HAB,295.6,PER_KM2,NA,NA,14.4,PC,58911.61,NR,NA,por 100.000 hab.,0.896,Indice
2009-01-01,ITC3,Liguria,20600,EUR_HAB,29100,EUR_HAB,295.8,PER_KM2,NA,NA,10.4,PC,56412.27,NR,NA,por 100.000 hab.,0.895,Indice
2010-01-01,ITC3,Liguria,20100,EUR_HAB,29000,EUR_HAB,295.6,PER_KM2,NA,NA,11.1,PC,12283.72,NR,NA,por 100.000 hab.,0.896,Indice
2011-01-01,ITC3,Liguria,20600,EUR_HAB,29600,EUR_HAB,294.7,PER_KM2,NA,NA,12,PC,14389.52,NR,NA,por 100.000 hab.,0.897,Indice
2012-01-01,ITC3,Liguria,20100,EUR_HAB,29100,EUR_HAB,293.9,PER_KM2,NA,NA,14.3,PC,15409.18,NR,NA,por 100.000 hab.,0.896,Indice
2013-01-01,ITC3,Liguria,20000,EUR_HAB,28900,EUR_HAB,291.5,PER_KM2,NA,NA,15.6,PC,55654.340000000004,NR,NA,por 100.000 hab.,0.894,Indice
2014-01-01,ITC3,Liguria,20100,EUR_HAB,29600,EUR_HAB,297.9,PER_KM2,1580322,NR,16.6,PC,56709.77,NR,3588.5,por 100.000 hab.,0.898,Indice
2015-01-01,ITC3,Liguria,20400,EUR_HAB,30200,EUR_HAB,295.9,PER_KM2,1569427,NR,15.9,PC,52146.96,NR,3322.7,por 100.000 hab.,0.896,Indice
2016-01-01,ITC3,Liguria,20700,EUR_HAB,30900,EUR_HAB,294.2,PER_KM2,1557742,NR,14.8,PC,46583.68,NR,2990.5,por 100.000 hab.,0.901,Indice
2017-01-01,ITC3,Liguria,21300,EUR_HAB,31800,EUR_HAB,288.7,PER_KM2,1551379,NR,13.7,PC,44404.43,NR,2862.3,por 100.000 hab.,0.903,Indice
2018-01-01,ITC3,Liguria,21500,EUR_HAB,32100,EUR_HAB,287.3,PER_KM2,1541541,NR,14,PC,40077.71,NR,2599.8,por 100.000 hab.,0.907,Indice
2019-01-01,ITC3,Liguria,21800,EUR_HAB,32800,EUR_HAB,284.3,PER_KM2,1532980,NR,13.4,PC,34162,NR,2228.5,por 100.000 hab.,0.912,Indice
2020-01-01,ITC3,Liguria,20200,EUR_HAB,29700,EUR_HAB,282.7,PER_KM2,1524826,NR,16.3,PC,23744.33,NR,1557.2,por 100.000 hab.,0.902,Indice
2021-01-01,ITC3,Liguria,21700,EUR_HAB,32700,EUR_HAB,281.4,PER_KM2,1518495,NR,17.8,PC,26916.02,NR,1772.5,por 100.000 hab.,0.914,Indice
2022-01-01,ITC3,Liguria,23500,EUR_HAB,35400,EUR_HAB,278.9,PER_KM2,1509227,NR,19.1,PC,30595.24,NR,2027.2,por 100.000 hab.,0.911,Indice
2023-01-01,ITC3,Liguria,25100,EUR_HAB,38000,EUR_HAB,278.9,PER_KM2,1507636,NR,12.5,PC,0,NR,0,por 100.000 hab.,0.921,Indice
2008-01-01,ITC4,Lombardia,26100,EUR_HAB,36600,EUR_HAB,417,PER_KM2,NA,NA,10.3,PC,341726.86,NR,NA,por 100.000 hab.,0.903,Indice
2009-01-01,ITC4,Lombardia,24700,EUR_HAB,34700,EUR_HAB,419.9,PER_KM2,NA,NA,10.3,PC,330696.51,NR,NA,por 100.000 hab.,0.902,Indice
2010-01-01,ITC4,Lombardia,24600,EUR_HAB,36000,EUR_HAB,422.5,PER_KM2,NA,NA,10.7,PC,86702.76,NR,NA,por 100.000 hab.,0.905,Indice
2011-01-01,ITC4,Lombardia,25100,EUR_HAB,36600,EUR_HAB,424.7,PER_KM2,NA,NA,9.5,PC,92726.7,NR,NA,por 100.000 hab.,0.909,Indice
2012-01-01,ITC4,Lombardia,24400,EUR_HAB,35700,EUR_HAB,427.5,PER_KM2,NA,NA,9.1,PC,96326.84,NR,NA,por 100.000 hab.,0.906,Indice
2013-01-01,ITC4,Lombardia,24200,EUR_HAB,35200,EUR_HAB,414.2,PER_KM2,NA,NA,8.4,PC,365266.61,NR,NA,por 100.000 hab.,0.906,Indice
2014-01-01,ITC4,Lombardia,24300,EUR_HAB,35700,EUR_HAB,438.1,PER_KM2,9929769,NR,9,PC,367269.93,NR,3698.7,por 100.000 hab.,0.909,Indice
2015-01-01,ITC4,Lombardia,24800,EUR_HAB,36400,EUR_HAB,438.8,PER_KM2,9954769,NR,11.1,PC,336387.7,NR,3379.2,por 100.000 hab.,0.909,Indice
2016-01-01,ITC4,Lombardia,25000,EUR_HAB,37400,EUR_HAB,439.2,PER_KM2,9958447,NR,13.3,PC,316870.74,NR,3181.9,por 100.000 hab.,0.914,Indice
2017-01-01,ITC4,Lombardia,25800,EUR_HAB,38400,EUR_HAB,435.1,PER_KM2,9970419,NR,13.6,PC,297529.26,NR,2984.1,por 100.000 hab.,0.918,Indice
2018-01-01,ITC4,Lombardia,26100,EUR_HAB,39400,EUR_HAB,436,PER_KM2,9986962,NR,11.1,PC,282633.34,NR,2830,por 100.000 hab.,0.923,Indice
2019-01-01,ITC4,Lombardia,26400,EUR_HAB,39700,EUR_HAB,435.8,PER_KM2,10010833,NR,11.9,PC,253188.13,NR,2529.1,por 100.000 hab.,0.926,Indice
2020-01-01,ITC4,Lombardia,24900,EUR_HAB,37300,EUR_HAB,434.7,PER_KM2,10027602,NR,11.4,PC,161809.72,NR,1613.6,por 100.000 hab.,0.913,Indice
2021-01-01,ITC4,Lombardia,27200,EUR_HAB,42500,EUR_HAB,434.1,PER_KM2,9981554,NR,12.3,PC,198171.7,NR,1985.4,por 100.000 hab.,0.93,Indice
2022-01-01,ITC4,Lombardia,29100,EUR_HAB,45900,EUR_HAB,432.1,PER_KM2,9943004,NR,12.4,PC,240025.98,NR,2414,por 100.000 hab.,0.926,Indice
2023-01-01,ITC4,Lombardia,30900,EUR_HAB,49000,EUR_HAB,433.6,PER_KM2,9976509,NR,10.6,PC,0,NR,0,por 100.000 hab.,0.936,Indice
2008-01-01,ITF1,Abruzzo,16800,EUR_HAB,23600,EUR_HAB,122.4,PER_KM2,NA,NA,20,PC,29725.29,NR,NA,por 100.000 hab.,0.889,Indice
2009-01-01,ITF1,Abruzzo,15900,EUR_HAB,22600,EUR_HAB,122.9,PER_KM2,NA,NA,21.9,PC,28580.73,NR,NA,por 100.000 hab.,0.884,Indice
2010-01-01,ITF1,Abruzzo,15700,EUR_HAB,23200,EUR_HAB,122.9,PER_KM2,NA,NA,20.8,PC,7946.47,NR,NA,por 100.000 hab.,0.889,Indice
2011-01-01,ITF1,Abruzzo,16300,EUR_HAB,24200,EUR_HAB,122.9,PER_KM2,NA,NA,25.8,PC,8230.88,NR,NA,por 100.000 hab.,0.895,Indice
2012-01-01,ITF1,Abruzzo,15800,EUR_HAB,24200,EUR_HAB,123.1,PER_KM2,NA,NA,20.4,PC,8704.94,NR,NA,por 100.000 hab.,0.894,Indice
2013-01-01,ITF1,Abruzzo,15500,EUR_HAB,23800,EUR_HAB,122.2,PER_KM2,NA,NA,18.7,PC,33251.03,NR,NA,por 100.000 hab.,0.893,Indice
2014-01-01,ITF1,Abruzzo,15300,EUR_HAB,23800,EUR_HAB,125.3,PER_KM2,1329918,NR,22,PC,34126.94,NR,2566.1,por 100.000 hab.,0.892,Indice
2015-01-01,ITF1,Abruzzo,15500,EUR_HAB,24100,EUR_HAB,125,PER_KM2,1325836,NR,21.7,PC,32183.1,NR,2427.4,por 100.000 hab.,0.892,Indice
2016-01-01,ITF1,Abruzzo,15600,EUR_HAB,24300,EUR_HAB,124.5,PER_KM2,1319294,NR,20.5,PC,26956.68,NR,2043.3,por 100.000 hab.,0.895,Indice
2017-01-01,ITF1,Abruzzo,16100,EUR_HAB,25000,EUR_HAB,122,PER_KM2,1313930,NR,19.8,PC,25584.91,NR,1947.2,por 100.000 hab.,0.895,Indice
2018-01-01,ITF1,Abruzzo,16400,EUR_HAB,25300,EUR_HAB,121.5,PER_KM2,1306059,NR,18.7,PC,22052.26,NR,1688.5,por 100.000 hab.,0.899,Indice
2019-01-01,ITF1,Abruzzo,16500,EUR_HAB,25600,EUR_HAB,120.5,PER_KM2,1300645,NR,19.5,PC,19273.01,NR,1481.8,por 100.000 hab.,0.903,Indice
2020-01-01,ITF1,Abruzzo,15300,EUR_HAB,23700,EUR_HAB,120,PER_KM2,1293941,NR,23.2,PC,13476.8,NR,1041.5,por 100.000 hab.,0.899,Indice
2021-01-01,ITF1,Abruzzo,17100,EUR_HAB,26300,EUR_HAB,119.1,PER_KM2,1281012,NR,27.7,PC,13753.93,NR,1073.7,por 100.000 hab.,0.905,Indice
2022-01-01,ITF1,Abruzzo,18300,EUR_HAB,28600,EUR_HAB,117.9,PER_KM2,1275950,NR,29.6,PC,17619.55,NR,1380.9,por 100.000 hab.,0.9,Indice
2023-01-01,ITF1,Abruzzo,19600,EUR_HAB,31000,EUR_HAB,117.6,PER_KM2,1272627,NR,24.9,PC,0,NR,0,por 100.000 hab.,0.909,Indice
2008-01-01,ITF2,Molise,15400,EUR_HAB,21700,EUR_HAB,72.6,PER_KM2,NA,NA,26.3,PC,5669.45,NR,NA,por 100.000 hab.,0.868,Indice
2009-01-01,ITF2,Molise,14600,EUR_HAB,21200,EUR_HAB,72.3,PER_KM2,NA,NA,29,PC,5918.45,NR,NA,por 100.000 hab.,0.87,Indice
2010-01-01,ITF2,Molise,14300,EUR_HAB,21200,EUR_HAB,72,PER_KM2,NA,NA,25,PC,1573.72,NR,NA,por 100.000 hab.,0.869,Indice
2011-01-01,ITF2,Molise,14600,EUR_HAB,21300,EUR_HAB,71.7,PER_KM2,NA,NA,23.7,PC,1706.97,NR,NA,por 100.000 hab.,0.871,Indice
2012-01-01,ITF2,Molise,14100,EUR_HAB,20700,EUR_HAB,71.6,PER_KM2,NA,NA,26.8,PC,1704.59,NR,NA,por 100.000 hab.,0.871,Indice
2013-01-01,ITF2,Molise,13600,EUR_HAB,19400,EUR_HAB,70.4,PER_KM2,NA,NA,30.8,PC,6219.74,NR,NA,por 100.000 hab.,0.866,Indice
2014-01-01,ITF2,Molise,13400,EUR_HAB,19300,EUR_HAB,71.8,PER_KM2,312897,NR,32.1,PC,5808.59,NR,1856.4,por 100.000 hab.,0.867,Indice
2015-01-01,ITF2,Molise,13700,EUR_HAB,19700,EUR_HAB,71.5,PER_KM2,311398,NR,27.1,PC,5721.08,NR,1837.2,por 100.000 hab.,0.869,Indice
2016-01-01,ITF2,Molise,13900,EUR_HAB,20000,EUR_HAB,71.2,PER_KM2,310026,NR,30.6,PC,5729.58,NR,1848.1,por 100.000 hab.,0.873,Indice
2017-01-01,ITF2,Molise,14100,EUR_HAB,20600,EUR_HAB,69.6,PER_KM2,308400,NR,31,PC,5525.11,NR,1791.5,por 100.000 hab.,0.875,Indice
2018-01-01,ITF2,Molise,14500,EUR_HAB,21100,EUR_HAB,69.1,PER_KM2,306564,NR,23.5,PC,5005.31,NR,1632.7,por 100.000 hab.,0.881,Indice
2019-01-01,ITF2,Molise,14500,EUR_HAB,21800,EUR_HAB,68.2,PER_KM2,303790,NR,26.5,PC,4576.34,NR,1506.4,por 100.000 hab.,0.886,Indice
2020-01-01,ITF2,Molise,13800,EUR_HAB,20600,EUR_HAB,68,PER_KM2,300516,NR,35.7,PC,2938.74,NR,977.9,por 100.000 hab.,0.879,Indice
2021-01-01,ITF2,Molise,15600,EUR_HAB,23400,EUR_HAB,66.9,PER_KM2,294294,NR,29.3,PC,3809.04,NR,1294.3,por 100.000 hab.,0.883,Indice
2022-01-01,ITF2,Molise,16700,EUR_HAB,25000,EUR_HAB,65.6,PER_KM2,292150,NR,30.5,PC,4809.42,NR,1646.2,por 100.000 hab.,0.884,Indice
2023-01-01,ITF2,Molise,17800,EUR_HAB,26700,EUR_HAB,65.2,PER_KM2,290636,NR,20.6,PC,0,NR,0,por 100.000 hab.,0.894,Indice
2008-01-01,ITF3,Campania,13700,EUR_HAB,18500,EUR_HAB,429.4,PER_KM2,NA,NA,38.6,PC,153411.28,NR,NA,por 100.000 hab.,0.848,Indice
2009-01-01,ITF3,Campania,13100,EUR_HAB,17900,EUR_HAB,429.7,PER_KM2,NA,NA,35.6,PC,136057.62,NR,NA,por 100.000 hab.,0.848,Indice
2010-01-01,ITF3,Campania,12900,EUR_HAB,17700,EUR_HAB,430.3,PER_KM2,NA,NA,36.2,PC,43652.12,NR,NA,por 100.000 hab.,0.848,Indice
2011-01-01,ITF3,Campania,13000,EUR_HAB,17700,EUR_HAB,430.5,PER_KM2,NA,NA,36.8,PC,47783.61,NR,NA,por 100.000 hab.,0.849,Indice
2012-01-01,ITF3,Campania,12500,EUR_HAB,17600,EUR_HAB,430.6,PER_KM2,NA,NA,36.7,PC,51544.93,NR,NA,por 100.000 hab.,0.849,Indice
2013-01-01,ITF3,Campania,12400,EUR_HAB,17300,EUR_HAB,425.7,PER_KM2,NA,NA,37.6,PC,146914.91,NR,NA,por 100.000 hab.,0.848,Indice
2014-01-01,ITF3,Campania,12400,EUR_HAB,17400,EUR_HAB,438,PER_KM2,5812768,NR,38.1,PC,156983.55,NR,2700.7,por 100.000 hab.,0.851,Indice
2015-01-01,ITF3,Campania,12700,EUR_HAB,17900,EUR_HAB,437.3,PER_KM2,5804370,NR,35.5,PC,161724.81,NR,2786.3,por 100.000 hab.,0.85,Indice
2016-01-01,ITF3,Campania,12800,EUR_HAB,18200,EUR_HAB,436.5,PER_KM2,5790783,NR,36.9,PC,161212.07,NR,2783.9,por 100.000 hab.,0.857,Indice
2017-01-01,ITF3,Campania,12900,EUR_HAB,18700,EUR_HAB,427.8,PER_KM2,5776654,NR,34.3,PC,151455.16,NR,2621.8,por 100.000 hab.,0.858,Indice
2018-01-01,ITF3,Campania,13200,EUR_HAB,19000,EUR_HAB,426.4,PER_KM2,5762889,NR,41.4,PC,149460.76,NR,2593.5,por 100.000 hab.,0.864,Indice
2019-01-01,ITF3,Campania,13300,EUR_HAB,19400,EUR_HAB,422.2,PER_KM2,5740291,NR,41.2,PC,141709.41,NR,2468.7,por 100.000 hab.,0.868,Indice
2020-01-01,ITF3,Campania,12300,EUR_HAB,18100,EUR_HAB,420,PER_KM2,5712143,NR,39.7,PC,108624.92,NR,1901.6,por 100.000 hab.,0.863,Indice
2021-01-01,ITF3,Campania,13400,EUR_HAB,19900,EUR_HAB,415.7,PER_KM2,5624260,NR,37.6,PC,123836.36,NR,2201.8,por 100.000 hab.,0.868,Indice
2022-01-01,ITF3,Campania,14500,EUR_HAB,21800,EUR_HAB,412,PER_KM2,5624420,NR,37.1,PC,138971.7,NR,2470.9,por 100.000 hab.,0.867,Indice
2023-01-01,ITF3,Campania,15400,EUR_HAB,23300,EUR_HAB,410.8,PER_KM2,5609536,NR,36.1,PC,0,NR,0,por 100.000 hab.,0.876,Indice
2008-01-01,ITF4,Puglia,13400,EUR_HAB,17300,EUR_HAB,210.6,PER_KM2,NA,NA,27.7,PC,106565.66,NR,NA,por 100.000 hab.,0.85,Indice
2009-01-01,ITF4,Puglia,12800,EUR_HAB,16900,EUR_HAB,210.8,PER_KM2,NA,NA,27,PC,105069.57,NR,NA,por 100.000 hab.,0.847,Indice
2010-01-01,ITF4,Puglia,12700,EUR_HAB,17100,EUR_HAB,211.1,PER_KM2,NA,NA,27.4,PC,36885.23,NR,NA,por 100.000 hab.,0.851,Indice
2011-01-01,ITF4,Puglia,13100,EUR_HAB,17500,EUR_HAB,211.1,PER_KM2,NA,NA,30.3,PC,37452.67,NR,NA,por 100.000 hab.,0.853,Indice
2012-01-01,ITF4,Puglia,12900,EUR_HAB,17600,EUR_HAB,211.1,PER_KM2,NA,NA,29.6,PC,37849.01,NR,NA,por 100.000 hab.,0.853,Indice
2013-01-01,ITF4,Puglia,12700,EUR_HAB,17200,EUR_HAB,208.3,PER_KM2,NA,NA,29.6,PC,116966.93,NR,NA,por 100.000 hab.,0.852,Indice
2014-01-01,ITF4,Puglia,12600,EUR_HAB,17400,EUR_HAB,213.1,PER_KM2,4077788,NR,25.8,PC,121458.59,NR,2978.5,por 100.000 hab.,0.855,Indice
2015-01-01,ITF4,Puglia,12900,EUR_HAB,17800,EUR_HAB,212.8,PER_KM2,4063269,NR,30.3,PC,119870.8,NR,2950.1,por 100.000 hab.,0.853,Indice
2016-01-01,ITF4,Puglia,13100,EUR_HAB,18300,EUR_HAB,212.1,PER_KM2,4043735,NR,27.4,PC,109092.64,NR,2697.8,por 100.000 hab.,0.857,Indice
2017-01-01,ITF4,Puglia,13300,EUR_HAB,18600,EUR_HAB,210.2,PER_KM2,4024067,NR,26.2,PC,105125.7,NR,2612.4,por 100.000 hab.,0.858,Indice
2018-01-01,ITF4,Puglia,13700,EUR_HAB,19100,EUR_HAB,209.3,PER_KM2,4000966,NR,26.8,PC,102534.77,NR,2562.8,por 100.000 hab.,0.864,Indice
2019-01-01,ITF4,Puglia,13900,EUR_HAB,19500,EUR_HAB,206.8,PER_KM2,3975528,NR,30.4,PC,90178.7,NR,2268.3,por 100.000 hab.,0.867,Indice
2020-01-01,ITF4,Puglia,12900,EUR_HAB,18400,EUR_HAB,205.4,PER_KM2,3953305,NR,25.9,PC,69854.39,NR,1767,por 100.000 hab.,0.862,Indice
2021-01-01,ITF4,Puglia,14200,EUR_HAB,20200,EUR_HAB,204.3,PER_KM2,3933777,NR,25.4,PC,70878.12,NR,1801.8,por 100.000 hab.,0.867,Indice
2022-01-01,ITF4,Puglia,15200,EUR_HAB,22000,EUR_HAB,202.9,PER_KM2,3922941,NR,28.8,PC,78740.28,NR,2007.2,por 100.000 hab.,0.868,Indice
2023-01-01,ITF4,Puglia,16000,EUR_HAB,23500,EUR_HAB,202.1,PER_KM2,3907683,NR,24.5,PC,0,NR,0,por 100.000 hab.,0.878,Indice
2008-01-01,ITF5,Basilicata,14000,EUR_HAB,20500,EUR_HAB,60.1,PER_KM2,NA,NA,30.2,PC,6128.9,NR,NA,por 100.000 hab.,0.858,Indice
2009-01-01,ITF5,Basilicata,13300,EUR_HAB,19400,EUR_HAB,59.9,PER_KM2,NA,NA,32.9,PC,5757.25,NR,NA,por 100.000 hab.,0.856,Indice
2010-01-01,ITF5,Basilicata,13000,EUR_HAB,19200,EUR_HAB,59.7,PER_KM2,NA,NA,25.9,PC,2048.79,NR,NA,por 100.000 hab.,0.857,Indice
2011-01-01,ITF5,Basilicata,13200,EUR_HAB,19900,EUR_HAB,59.5,PER_KM2,NA,NA,31.1,PC,2320.59,NR,NA,por 100.000 hab.,0.859,Indice
2012-01-01,ITF5,Basilicata,12800,EUR_HAB,19900,EUR_HAB,59.4,PER_KM2,NA,NA,32,PC,2293.49,NR,NA,por 100.000 hab.,0.859,Indice
2013-01-01,ITF5,Basilicata,12500,EUR_HAB,20500,EUR_HAB,57.3,PER_KM2,NA,NA,33.1,PC,6536.7,NR,NA,por 100.000 hab.,0.86,Indice
2014-01-01,ITF5,Basilicata,12600,EUR_HAB,19800,EUR_HAB,59.4,PER_KM2,575814,NR,25.6,PC,7035.01,NR,1221.8,por 100.000 hab.,0.861,Indice
2015-01-01,ITF5,Basilicata,13300,EUR_HAB,21600,EUR_HAB,59.2,PER_KM2,573236,NR,28.1,PC,6852.8,NR,1195.5,por 100.000 hab.,0.862,Indice
2016-01-01,ITF5,Basilicata,13400,EUR_HAB,21700,EUR_HAB,58.9,PER_KM2,569887,NR,27.7,PC,6311.9,NR,1107.6,por 100.000 hab.,0.867,Indice
2017-01-01,ITF5,Basilicata,13500,EUR_HAB,22000,EUR_HAB,56.8,PER_KM2,566405,NR,27.9,PC,6173.98,NR,1090,por 100.000 hab.,0.867,Indice
2018-01-01,ITF5,Basilicata,14000,EUR_HAB,23300,EUR_HAB,56.4,PER_KM2,562968,NR,30.1,PC,5772.26,NR,1025.3,por 100.000 hab.,0.872,Indice
2019-01-01,ITF5,Basilicata,14200,EUR_HAB,23200,EUR_HAB,55.7,PER_KM2,558587,NR,27.1,PC,5008.49,NR,896.6,por 100.000 hab.,0.874,Indice
2020-01-01,ITF5,Basilicata,13500,EUR_HAB,21200,EUR_HAB,55.5,PER_KM2,553254,NR,36.5,PC,3624.9,NR,655.2,por 100.000 hab.,0.872,Indice
2021-01-01,ITF5,Basilicata,14600,EUR_HAB,23900,EUR_HAB,54.8,PER_KM2,545130,NR,27.6,PC,3428.43,NR,628.9,por 100.000 hab.,0.881,Indice
2022-01-01,ITF5,Basilicata,15500,EUR_HAB,25800,EUR_HAB,53.8,PER_KM2,541168,NR,24.5,PC,4008.14,NR,740.6,por 100.000 hab.,0.879,Indice
2023-01-01,ITF5,Basilicata,16500,EUR_HAB,27500,EUR_HAB,53.4,PER_KM2,537577,NR,24.5,PC,0,NR,0,por 100.000 hab.,0.888,Indice
2008-01-01,ITF6,Calabria,12600,EUR_HAB,17100,EUR_HAB,133.7,PER_KM2,NA,NA,35.6,PC,37340.35,NR,NA,por 100.000 hab.,0.85,Indice
2009-01-01,ITF6,Calabria,12200,EUR_HAB,16700,EUR_HAB,133.4,PER_KM2,NA,NA,35.3,PC,35539.24,NR,NA,por 100.000 hab.,0.85,Indice
2010-01-01,ITF6,Calabria,11800,EUR_HAB,16700,EUR_HAB,133.2,PER_KM2,NA,NA,32.7,PC,10575.81,NR,NA,por 100.000 hab.,0.852,Indice
2011-01-01,ITF6,Calabria,12000,EUR_HAB,16900,EUR_HAB,132.9,PER_KM2,NA,NA,33.6,PC,10335,NR,NA,por 100.000 hab.,0.853,Indice
2012-01-01,ITF6,Calabria,11600,EUR_HAB,16600,EUR_HAB,132.7,PER_KM2,NA,NA,31.8,PC,12299.52,NR,NA,por 100.000 hab.,0.851,Indice
2013-01-01,ITF6,Calabria,11400,EUR_HAB,16400,EUR_HAB,129.4,PER_KM2,NA,NA,33.6,PC,34645.25,NR,NA,por 100.000 hab.,0.85,Indice
2014-01-01,ITF6,Calabria,11200,EUR_HAB,16300,EUR_HAB,134.1,PER_KM2,1958226,NR,32.4,PC,35902.64,NR,1833.4,por 100.000 hab.,0.851,Indice
2015-01-01,ITF6,Calabria,11400,EUR_HAB,16500,EUR_HAB,133.8,PER_KM2,1951733,NR,33.8,PC,33677.75,NR,1725.5,por 100.000 hab.,0.851,Indice
2016-01-01,ITF6,Calabria,11600,EUR_HAB,16800,EUR_HAB,133.4,PER_KM2,1943085,NR,34.6,PC,32398.77,NR,1667.4,por 100.000 hab.,0.854,Indice
2017-01-01,ITF6,Calabria,11900,EUR_HAB,17300,EUR_HAB,129.2,PER_KM2,1935097,NR,36.4,PC,28599.9,NR,1478,por 100.000 hab.,0.853,Indice
2018-01-01,ITF6,Calabria,12100,EUR_HAB,17300,EUR_HAB,128.6,PER_KM2,1924257,NR,32.7,PC,27898.47,NR,1449.8,por 100.000 hab.,0.856,Indice
2019-01-01,ITF6,Calabria,12200,EUR_HAB,17600,EUR_HAB,126.5,PER_KM2,1912021,NR,30.9,PC,22929.63,NR,1199.2,por 100.000 hab.,0.858,Indice
2020-01-01,ITF6,Calabria,11400,EUR_HAB,16600,EUR_HAB,125.4,PER_KM2,1894110,NR,36,PC,16945.78,NR,894.7,por 100.000 hab.,0.856,Indice
2021-01-01,ITF6,Calabria,12500,EUR_HAB,18400,EUR_HAB,123.7,PER_KM2,1860601,NR,33.2,PC,16033.81,NR,861.8,por 100.000 hab.,0.86,Indice
2022-01-01,ITF6,Calabria,13400,EUR_HAB,19700,EUR_HAB,121.9,PER_KM2,1855454,NR,34.5,PC,16882.34,NR,909.9,por 100.000 hab.,0.858,Indice
2023-01-01,ITF6,Calabria,14300,EUR_HAB,21100,EUR_HAB,121.4,PER_KM2,1846610,NR,40.6,PC,0,NR,0,por 100.000 hab.,0.867,Indice
2008-01-01,ITG1,Sicilia,13300,EUR_HAB,18000,EUR_HAB,196.2,PER_KM2,NA,NA,38.4,PC,142813.44,NR,NA,por 100.000 hab.,0.847,Indice
2009-01-01,ITG1,Sicilia,12900,EUR_HAB,17500,EUR_HAB,196.5,PER_KM2,NA,NA,38.5,PC,127467.99,NR,NA,por 100.000 hab.,0.846,Indice
2010-01-01,ITG1,Sicilia,12700,EUR_HAB,17500,EUR_HAB,196.8,PER_KM2,NA,NA,38.6,PC,42756.78,NR,NA,por 100.000 hab.,0.849,Indice
2011-01-01,ITG1,Sicilia,12700,EUR_HAB,17400,EUR_HAB,196.9,PER_KM2,NA,NA,44.6,PC,46913.86,NR,NA,por 100.000 hab.,0.849,Indice
2012-01-01,ITG1,Sicilia,12300,EUR_HAB,17400,EUR_HAB,196.8,PER_KM2,NA,NA,41.9,PC,51398.85,NR,NA,por 100.000 hab.,0.848,Indice
2013-01-01,ITG1,Sicilia,12200,EUR_HAB,17100,EUR_HAB,195.4,PER_KM2,NA,NA,40.9,PC,147614.44,NR,NA,por 100.000 hab.,0.847,Indice
2014-01-01,ITG1,Sicilia,12000,EUR_HAB,16800,EUR_HAB,200.5,PER_KM2,5041754,NR,40.1,PC,150592.84,NR,2986.9,por 100.000 hab.,0.848,Indice
2015-01-01,ITG1,Sicilia,12200,EUR_HAB,17200,EUR_HAB,200.1,PER_KM2,5028266,NR,42.3,PC,133573.64,NR,2656.5,por 100.000 hab.,0.846,Indice
2016-01-01,ITG1,Sicilia,12300,EUR_HAB,17400,EUR_HAB,199.4,PER_KM2,5004400,NR,41.8,PC,122179.29,NR,2441.4,por 100.000 hab.,0.85,Indice
2017-01-01,ITG1,Sicilia,12600,EUR_HAB,17800,EUR_HAB,196.2,PER_KM2,4977900,NR,41.3,PC,111601.22,NR,2241.9,por 100.000 hab.,0.85,Indice
2018-01-01,ITG1,Sicilia,12800,EUR_HAB,18000,EUR_HAB,195.1,PER_KM2,4942188,NR,40.7,PC,107656.8,NR,2178.3,por 100.000 hab.,0.856,Indice
2019-01-01,ITG1,Sicilia,12900,EUR_HAB,18300,EUR_HAB,192.1,PER_KM2,4908548,NR,41.4,PC,99773.06,NR,2032.6,por 100.000 hab.,0.859,Indice
2020-01-01,ITG1,Sicilia,12100,EUR_HAB,17300,EUR_HAB,190.3,PER_KM2,4875290,NR,38.2,PC,72867.59,NR,1494.6,por 100.000 hab.,0.857,Indice
2021-01-01,ITG1,Sicilia,13200,EUR_HAB,19100,EUR_HAB,188.9,PER_KM2,4833705,NR,38.1,PC,72933.26,NR,1508.8,por 100.000 hab.,0.861,Indice
2022-01-01,ITG1,Sicilia,14200,EUR_HAB,21200,EUR_HAB,187.7,PER_KM2,4833329,NR,36.8,PC,91688.55,NR,1897,por 100.000 hab.,0.858,Indice
2023-01-01,ITG1,Sicilia,15200,EUR_HAB,22900,EUR_HAB,187,PER_KM2,4814016,NR,38,PC,0,NR,0,por 100.000 hab.,0.868,Indice
2008-01-01,ITG2,Sardegna,14500,EUR_HAB,20300,EUR_HAB,68.7,PER_KM2,NA,NA,23.1,PC,29420.03,NR,NA,por 100.000 hab.,0.862,Indice
2009-01-01,ITG2,Sardegna,14100,EUR_HAB,19800,EUR_HAB,68.7,PER_KM2,NA,NA,21.6,PC,26463.63,NR,NA,por 100.000 hab.,0.86,Indice
2010-01-01,ITG2,Sardegna,13900,EUR_HAB,19800,EUR_HAB,68.7,PER_KM2,NA,NA,18.3,PC,7485.88,NR,NA,por 100.000 hab.,0.864,Indice
2011-01-01,ITG2,Sardegna,13900,EUR_HAB,20100,EUR_HAB,68.6,PER_KM2,NA,NA,23,PC,8294.21,NR,NA,por 100.000 hab.,0.866,Indice
2012-01-01,ITG2,Sardegna,13700,EUR_HAB,20200,EUR_HAB,68.6,PER_KM2,NA,NA,19.8,PC,8552.1,NR,NA,por 100.000 hab.,0.864,Indice
2013-01-01,ITG2,Sardegna,13700,EUR_HAB,19600,EUR_HAB,68.6,PER_KM2,NA,NA,21.3,PC,28819.96,NR,NA,por 100.000 hab.,0.863,Indice
2014-01-01,ITG2,Sardegna,13600,EUR_HAB,19700,EUR_HAB,69.6,PER_KM2,1652528,NR,25.9,PC,27691.97,NR,1675.7,por 100.000 hab.,0.865,Indice
2015-01-01,ITG2,Sardegna,13700,EUR_HAB,20500,EUR_HAB,69.5,PER_KM2,1648642,NR,25.5,PC,26173.36,NR,1587.6,por 100.000 hab.,0.867,Indice
2016-01-01,ITG2,Sardegna,13800,EUR_HAB,20400,EUR_HAB,69.3,PER_KM2,1642492,NR,26.4,PC,24002.2,NR,1461.3,por 100.000 hab.,0.869,Indice
2017-01-01,ITG2,Sardegna,14000,EUR_HAB,20900,EUR_HAB,69.3,PER_KM2,1636839,NR,29.6,PC,22671.18,NR,1385.1,por 100.000 hab.,0.873,Indice
2018-01-01,ITG2,Sardegna,14600,EUR_HAB,21300,EUR_HAB,69.1,PER_KM2,1631040,NR,27.1,PC,20046.73,NR,1229.1,por 100.000 hab.,0.878,Indice
2019-01-01,ITG2,Sardegna,14700,EUR_HAB,21900,EUR_HAB,68.3,PER_KM2,1622257,NR,22.9,PC,18396.14,NR,1134,por 100.000 hab.,0.882,Indice
2020-01-01,ITG2,Sardegna,14000,EUR_HAB,20400,EUR_HAB,67.9,PER_KM2,1611621,NR,28.6,PC,13114.19,NR,813.7,por 100.000 hab.,0.877,Indice
2021-01-01,ITG2,Sardegna,15300,EUR_HAB,22500,EUR_HAB,67.3,PER_KM2,1590044,NR,27.8,PC,14182.16,NR,891.9,por 100.000 hab.,0.885,Indice
2022-01-01,ITG2,Sardegna,16400,EUR_HAB,24500,EUR_HAB,66.2,PER_KM2,1587413,NR,30.8,PC,15620.72,NR,984,por 100.000 hab.,0.878,Indice
2023-01-01,ITG2,Sardegna,17400,EUR_HAB,26300,EUR_HAB,65.9,PER_KM2,1578146,NR,29,PC,0,NR,0,por 100.000 hab.,0.887,Indice
2008-01-01,ITH1,Provincia Autonoma di Bolzano/Bozen,26800,EUR_HAB,39300,EUR_HAB,66.8,PER_KM2,NA,NA,8.7,PC,9025.68,NR,NA,por 100.000 hab.,NA,NA
2009-01-01,ITH1,Provincia Autonoma di Bolzano/Bozen,26200,EUR_HAB,38800,EUR_HAB,67.4,PER_KM2,NA,NA,8.2,PC,9323.06,NR,NA,por 100.000 hab.,NA,NA
2010-01-01,ITH1,Provincia Autonoma di Bolzano/Bozen,26300,EUR_HAB,39800,EUR_HAB,67.9,PER_KM2,NA,NA,7.3,PC,1445.61,NR,NA,por 100.000 hab.,NA,NA
2011-01-01,ITH1,Provincia Autonoma di Bolzano/Bozen,26700,EUR_HAB,40900,EUR_HAB,68.3,PER_KM2,NA,NA,8.5,PC,1749.75,NR,NA,por 100.000 hab.,NA,NA
2012-01-01,ITH1,Provincia Autonoma di Bolzano/Bozen,26600,EUR_HAB,42400,EUR_HAB,68.8,PER_KM2,NA,NA,9.1,PC,1990.1,NR,NA,por 100.000 hab.,NA,NA
2013-01-01,ITH1,Provincia Autonoma di Bolzano/Bozen,26500,EUR_HAB,42600,EUR_HAB,69.3,PER_KM2,NA,NA,9,PC,11992.13,NR,NA,por 100.000 hab.,NA,NA
2014-01-01,ITH1,Provincia Autonoma di Bolzano/Bozen,26200,EUR_HAB,42900,EUR_HAB,70.2,PER_KM2,515389,NR,5.4,PC,13230.87,NR,2567.2,por 100.000 hab.,NA,NA
2015-01-01,ITH1,Provincia Autonoma di Bolzano/Bozen,26700,EUR_HAB,43600,EUR_HAB,70.5,PER_KM2,517994,NR,6.4,PC,11568.33,NR,2233.3,por 100.000 hab.,NA,NA
2016-01-01,ITH1,Provincia Autonoma di Bolzano/Bozen,27400,EUR_HAB,44300,EUR_HAB,70.9,PER_KM2,520252,NR,6,PC,11391.74,NR,2189.7,por 100.000 hab.,NA,NA
2017-01-01,ITH1,Provincia Autonoma di Bolzano/Bozen,28200,EUR_HAB,45600,EUR_HAB,71.4,PER_KM2,523454,NR,6,PC,10507.13,NR,2007.3,por 100.000 hab.,NA,NA
2018-01-01,ITH1,Provincia Autonoma di Bolzano/Bozen,28700,EUR_HAB,47300,EUR_HAB,71.8,PER_KM2,526772,NR,9.2,PC,10285.47,NR,1952.5,por 100.000 hab.,NA,NA
2019-01-01,ITH1,Provincia Autonoma di Bolzano/Bozen,29100,EUR_HAB,48400,EUR_HAB,72.2,PER_KM2,530313,NR,9.5,PC,9993.48,NR,1884.4,por 100.000 hab.,NA,NA
2020-01-01,ITH1,Provincia Autonoma di Bolzano/Bozen,27200,EUR_HAB,44900,EUR_HAB,72.1,PER_KM2,532644,NR,8.4,PC,7078.93,NR,1329,por 100.000 hab.,NA,NA
2021-01-01,ITH1,Provincia Autonoma di Bolzano/Bozen,29700,EUR_HAB,49800,EUR_HAB,72.4,PER_KM2,534912,NR,7.7,PC,7827.91,NR,1463.4,por 100.000 hab.,NA,NA
2022-01-01,ITH1,Provincia Autonoma di Bolzano/Bozen,32200,EUR_HAB,56000,EUR_HAB,72.4,PER_KM2,532616,NR,10.1,PC,10086.39,NR,1893.7,por 100.000 hab.,NA,NA
2023-01-01,ITH1,Provincia Autonoma di Bolzano/Bozen,34100,EUR_HAB,59800,EUR_HAB,72.7,PER_KM2,534147,NR,3.9,PC,0,NR,0,por 100.000 hab.,NA,NA
2008-01-01,ITH2,Provincia Autonoma di Trento,23600,EUR_HAB,35400,EUR_HAB,83.4,PER_KM2,NA,NA,5,PC,10386.14,NR,NA,por 100.000 hab.,0.912,Indice
2009-01-01,ITH2,Provincia Autonoma di Trento,22900,EUR_HAB,34500,EUR_HAB,84.2,PER_KM2,NA,NA,7.5,PC,10568.84,NR,NA,por 100.000 hab.,0.914,Indice
2010-01-01,ITH2,Provincia Autonoma di Trento,22800,EUR_HAB,35100,EUR_HAB,84.8,PER_KM2,NA,NA,7.8,PC,1723.53,NR,NA,por 100.000 hab.,0.915,Indice
2011-01-01,ITH2,Provincia Autonoma di Trento,23200,EUR_HAB,35800,EUR_HAB,85.3,PER_KM2,NA,NA,10.3,PC,1937.2,NR,NA,por 100.000 hab.,0.921,Indice
2012-01-01,ITH2,Provincia Autonoma di Trento,22400,EUR_HAB,35500,EUR_HAB,85.9,PER_KM2,NA,NA,12.2,PC,2662,NR,NA,por 100.000 hab.,0.918,Indice
2013-01-01,ITH2,Provincia Autonoma di Trento,22500,EUR_HAB,36200,EUR_HAB,85.9,PER_KM2,NA,NA,9.5,PC,12718.89,NR,NA,por 100.000 hab.,0.917,Indice
2014-01-01,ITH2,Provincia Autonoma di Trento,21800,EUR_HAB,36100,EUR_HAB,87.4,PER_KM2,536813,NR,10,PC,12461.65,NR,2321.4,por 100.000 hab.,0.922,Indice
2015-01-01,ITH2,Provincia Autonoma di Trento,21900,EUR_HAB,35900,EUR_HAB,87.6,PER_KM2,538188,NR,10.2,PC,12463.28,NR,2315.8,por 100.000 hab.,0.922,Indice
2016-01-01,ITH2,Provincia Autonoma di Trento,22000,EUR_HAB,36400,EUR_HAB,87.7,PER_KM2,539513,NR,15.7,PC,10586.8,NR,1962.3,por 100.000 hab.,0.923,Indice
2017-01-01,ITH2,Provincia Autonoma di Trento,22200,EUR_HAB,37100,EUR_HAB,87.6,PER_KM2,540280,NR,12.6,PC,9665.53,NR,1789,por 100.000 hab.,0.926,Indice
2018-01-01,ITH2,Provincia Autonoma di Trento,22700,EUR_HAB,38500,EUR_HAB,87.8,PER_KM2,541966,NR,15.3,PC,9756.72,NR,1800.2,por 100.000 hab.,0.93,Indice
2019-01-01,ITH2,Provincia Autonoma di Trento,23000,EUR_HAB,39400,EUR_HAB,88.2,PER_KM2,543721,NR,8,PC,8449.63,NR,1554,por 100.000 hab.,0.934,Indice
2020-01-01,ITH2,Provincia Autonoma di Trento,21400,EUR_HAB,37100,EUR_HAB,88.5,PER_KM2,545425,NR,11.3,PC,5037.49,NR,923.6,por 100.000 hab.,0.924,Indice
2021-01-01,ITH2,Provincia Autonoma di Trento,23000,EUR_HAB,39400,EUR_HAB,88.3,PER_KM2,542166,NR,12,PC,4923.7300000000005,NR,908.2,por 100.000 hab.,0.937,Indice
2022-01-01,ITH2,Provincia Autonoma di Trento,24800,EUR_HAB,43900,EUR_HAB,88,PER_KM2,540958,NR,7.8,PC,6917.19,NR,1278.7,por 100.000 hab.,0.936,Indice
2023-01-01,ITH2,Provincia Autonoma di Trento,25800,EUR_HAB,46300,EUR_HAB,88.4,PER_KM2,542996,NR,7.5,PC,0,NR,0,por 100.000 hab.,0.944,Indice
2008-01-01,ITH3,Veneto,21700,EUR_HAB,30200,EUR_HAB,273.5,PER_KM2,NA,NA,10.7,PC,117358.25,NR,NA,por 100.000 hab.,0.89,Indice
2009-01-01,ITH3,Veneto,20600,EUR_HAB,28900,EUR_HAB,275.2,PER_KM2,NA,NA,10.1,PC,114170.96,NR,NA,por 100.000 hab.,0.89,Indice
2010-01-01,ITH3,Veneto,20700,EUR_HAB,29400,EUR_HAB,275.8,PER_KM2,NA,NA,11.7,PC,23039.19,NR,NA,por 100.000 hab.,0.892,Indice
2011-01-01,ITH3,Veneto,21100,EUR_HAB,30300,EUR_HAB,276.2,PER_KM2,NA,NA,11.1,PC,26918.6,NR,NA,por 100.000 hab.,0.896,Indice
2012-01-01,ITH3,Veneto,20500,EUR_HAB,29700,EUR_HAB,277,PER_KM2,NA,NA,12,PC,30150.66,NR,NA,por 100.000 hab.,0.892,Indice
2013-01-01,ITH3,Veneto,20300,EUR_HAB,29700,EUR_HAB,266.4,PER_KM2,NA,NA,10.3,PC,128806.57,NR,NA,por 100.000 hab.,0.892,Indice
2014-01-01,ITH3,Veneto,20400,EUR_HAB,30100,EUR_HAB,280.4,PER_KM2,4905712,NR,11.6,PC,131581.58,NR,2682.2,por 100.000 hab.,0.897,Indice
2015-01-01,ITH3,Veneto,20800,EUR_HAB,30800,EUR_HAB,280.1,PER_KM2,4902694,NR,10.9,PC,114409.63,NR,2333.6,por 100.000 hab.,0.896,Indice
2016-01-01,ITH3,Veneto,21300,EUR_HAB,31900,EUR_HAB,279.5,PER_KM2,4890648,NR,12.2,PC,106657.72,NR,2180.9,por 100.000 hab.,0.902,Indice
2017-01-01,ITH3,Veneto,21900,EUR_HAB,32800,EUR_HAB,282.8,PER_KM2,4883373,NR,10.4,PC,97484.78,NR,1996.3,por 100.000 hab.,0.906,Indice
2018-01-01,ITH3,Veneto,22500,EUR_HAB,33400,EUR_HAB,282.8,PER_KM2,4880936,NR,11,PC,94343.97,NR,1932.9,por 100.000 hab.,0.909,Indice
2019-01-01,ITH3,Veneto,22700,EUR_HAB,34000,EUR_HAB,282,PER_KM2,4884590,NR,8.7,PC,89439.32,NR,1831.1,por 100.000 hab.,0.914,Indice
2020-01-01,ITH3,Veneto,20800,EUR_HAB,31300,EUR_HAB,281.4,PER_KM2,4879133,NR,10.3,PC,61086.86,NR,1252,por 100.000 hab.,0.907,Indice
2021-01-01,ITH3,Veneto,22900,EUR_HAB,35000,EUR_HAB,281,PER_KM2,4869830,NR,13.7,PC,68616.66,NR,1409,por 100.000 hab.,0.916,Indice
2022-01-01,ITH3,Veneto,24500,EUR_HAB,38000,EUR_HAB,279.5,PER_KM2,4847745,NR,13,PC,80764.34,NR,1666,por 100.000 hab.,0.913,Indice
2023-01-01,ITH3,Veneto,26200,EUR_HAB,40600,EUR_HAB,279.6,PER_KM2,4849553,NR,11.2,PC,0,NR,0,por 100.000 hab.,0.922,Indice
2008-01-01,ITH4,Friuli-Venezia Giulia,22000,EUR_HAB,29200,EUR_HAB,161.2,PER_KM2,NA,NA,11.2,PC,24291.15,NR,NA,por 100.000 hab.,0.893,Indice
2009-01-01,ITH4,Friuli-Venezia Giulia,20900,EUR_HAB,27500,EUR_HAB,161.7,PER_KM2,NA,NA,10.7,PC,23809.88,NR,NA,por 100.000 hab.,0.891,Indice
2010-01-01,ITH4,Friuli-Venezia Giulia,20900,EUR_HAB,28500,EUR_HAB,161.6,PER_KM2,NA,NA,10.6,PC,5264.34,NR,NA,por 100.000 hab.,0.894,Indice
2011-01-01,ITH4,Friuli-Venezia Giulia,21300,EUR_HAB,29100,EUR_HAB,161.4,PER_KM2,NA,NA,9.5,PC,6165.81,NR,NA,por 100.000 hab.,0.896,Indice
2012-01-01,ITH4,Friuli-Venezia Giulia,20500,EUR_HAB,28200,EUR_HAB,161.4,PER_KM2,NA,NA,11.5,PC,6787.03,NR,NA,por 100.000 hab.,0.896,Indice
2013-01-01,ITH4,Friuli-Venezia Giulia,20500,EUR_HAB,28500,EUR_HAB,155.9,PER_KM2,NA,NA,9.8,PC,25822.5,NR,NA,por 100.000 hab.,0.895,Indice
2014-01-01,ITH4,Friuli-Venezia Giulia,20300,EUR_HAB,28700,EUR_HAB,162.6,PER_KM2,1224984,NR,9.2,PC,25362.89,NR,2070.5,por 100.000 hab.,0.901,Indice
2015-01-01,ITH4,Friuli-Venezia Giulia,20700,EUR_HAB,29600,EUR_HAB,162,PER_KM2,1221664,NR,8.2,PC,22848.66,NR,1870.3,por 100.000 hab.,0.9,Indice
2016-01-01,ITH4,Friuli-Venezia Giulia,21100,EUR_HAB,30100,EUR_HAB,161.4,PER_KM2,1216208,NR,9.2,PC,21023.2,NR,1728.6,por 100.000 hab.,0.904,Indice
2017-01-01,ITH4,Friuli-Venezia Giulia,21600,EUR_HAB,30800,EUR_HAB,160.7,PER_KM2,1212809,NR,9.3,PC,19788.54,NR,1631.6,por 100.000 hab.,0.909,Indice
2018-01-01,ITH4,Friuli-Venezia Giulia,22100,EUR_HAB,31800,EUR_HAB,160.5,PER_KM2,1211155,NR,8.2,PC,17942.92,NR,1481.5,por 100.000 hab.,0.912,Indice
2019-01-01,ITH4,Friuli-Venezia Giulia,22400,EUR_HAB,32600,EUR_HAB,159.9,PER_KM2,1210414,NR,8.4,PC,16584.6,NR,1370.2,por 100.000 hab.,0.917,Indice
2020-01-01,ITH4,Friuli-Venezia Giulia,20700,EUR_HAB,30400,EUR_HAB,159.6,PER_KM2,1206216,NR,14.6,PC,10967.65,NR,909.3,por 100.000 hab.,0.912,Indice
2021-01-01,ITH4,Friuli-Venezia Giulia,22400,EUR_HAB,33800,EUR_HAB,159,PER_KM2,1201510,NR,10.9,PC,12171.15,NR,1013,por 100.000 hab.,0.917,Indice
2022-01-01,ITH4,Friuli-Venezia Giulia,23600,EUR_HAB,35800,EUR_HAB,157.8,PER_KM2,1194647,NR,12.8,PC,14768.76,NR,1236.2,por 100.000 hab.,0.917,Indice
2023-01-01,ITH4,Friuli-Venezia Giulia,24600,EUR_HAB,37700,EUR_HAB,157.8,PER_KM2,1194248,NR,11.7,PC,0,NR,0,por 100.000 hab.,0.926,Indice
2008-01-01,ITH5,Emilia-Romagna,24800,EUR_HAB,33200,EUR_HAB,189.3,PER_KM2,NA,NA,8.7,PC,151793.67,NR,NA,por 100.000 hab.,0.91,Indice
2009-01-01,ITH5,Emilia-Romagna,23300,EUR_HAB,31200,EUR_HAB,191.2,PER_KM2,NA,NA,9.4,PC,145262.67,NR,NA,por 100.000 hab.,0.909,Indice
2010-01-01,ITH5,Emilia-Romagna,22900,EUR_HAB,31700,EUR_HAB,192.4,PER_KM2,NA,NA,7.8,PC,28249.05,NR,NA,por 100.000 hab.,0.911,Indice
2011-01-01,ITH5,Emilia-Romagna,23400,EUR_HAB,32800,EUR_HAB,193.2,PER_KM2,NA,NA,8.9,PC,34401.32,NR,NA,por 100.000 hab.,0.916,Indice
2012-01-01,ITH5,Emilia-Romagna,22900,EUR_HAB,32200,EUR_HAB,194.2,PER_KM2,NA,NA,8.8,PC,38419.06,NR,NA,por 100.000 hab.,0.912,Indice
2013-01-01,ITH5,Emilia-Romagna,22900,EUR_HAB,32300,EUR_HAB,196.5,PER_KM2,NA,NA,10.9,PC,171018.52,NR,NA,por 100.000 hab.,0.912,Indice
2014-01-01,ITH5,Emilia-Romagna,23000,EUR_HAB,32900,EUR_HAB,198.1,PER_KM2,4432241,NR,10.1,PC,178162.8,NR,4019.7,por 100.000 hab.,0.915,Indice
2015-01-01,ITH5,Emilia-Romagna,23200,EUR_HAB,33500,EUR_HAB,198.2,PER_KM2,4434377,NR,9.7,PC,169610.28,NR,3824.9,por 100.000 hab.,0.916,Indice
2016-01-01,ITH5,Emilia-Romagna,23500,EUR_HAB,34500,EUR_HAB,198.1,PER_KM2,4435480,NR,8.9,PC,154074.64,NR,3473.7,por 100.000 hab.,0.921,Indice
2017-01-01,ITH5,Emilia-Romagna,24300,EUR_HAB,35500,EUR_HAB,201.5,PER_KM2,4439768,NR,10.5,PC,143544.62,NR,3233.2,por 100.000 hab.,0.925,Indice
2018-01-01,ITH5,Emilia-Romagna,24800,EUR_HAB,36200,EUR_HAB,201.7,PER_KM2,4445920,NR,10.1,PC,131009.66,NR,2946.7,por 100.000 hab.,0.931,Indice
2019-01-01,ITH5,Emilia-Romagna,24900,EUR_HAB,36500,EUR_HAB,201.9,PER_KM2,4459453,NR,10.9,PC,117224.01,NR,2628.7,por 100.000 hab.,0.934,Indice
2020-01-01,ITH5,Emilia-Romagna,23300,EUR_HAB,34100,EUR_HAB,201.9,PER_KM2,4464119,NR,8.5,PC,81078.43,NR,1816.2,por 100.000 hab.,0.927,Indice
2021-01-01,ITH5,Emilia-Romagna,25200,EUR_HAB,38100,EUR_HAB,201.5,PER_KM2,4438937,NR,9.6,PC,85319.74,NR,1922.1,por 100.000 hab.,0.937,Indice
2022-01-01,ITH5,Emilia-Romagna,26900,EUR_HAB,40700,EUR_HAB,200.6,PER_KM2,4425366,NR,7.3,PC,98062.97,NR,2215.9,por 100.000 hab.,0.933,Indice
2023-01-01,ITH5,Emilia-Romagna,28400,EUR_HAB,43300,EUR_HAB,200.7,PER_KM2,4437578,NR,5.8,PC,0,NR,0,por 100.000 hab.,0.943,Indice
2008-01-01,ITI1,Toscana,21100,EUR_HAB,28900,EUR_HAB,160.1,PER_KM2,NA,NA,9.2,PC,109624.72,NR,NA,por 100.000 hab.,0.897,Indice
2009-01-01,ITI1,Toscana,20200,EUR_HAB,28100,EUR_HAB,161.1,PER_KM2,NA,NA,9.6,PC,106015.59,NR,NA,por 100.000 hab.,0.897,Indice
2010-01-01,ITI1,Toscana,19800,EUR_HAB,28300,EUR_HAB,161.7,PER_KM2,NA,NA,11.5,PC,25110.3,NR,NA,por 100.000 hab.,0.899,Indice
2011-01-01,ITI1,Toscana,20100,EUR_HAB,29000,EUR_HAB,161.9,PER_KM2,NA,NA,12.4,PC,29005.6,NR,NA,por 100.000 hab.,0.903,Indice
2012-01-01,ITI1,Toscana,19500,EUR_HAB,28800,EUR_HAB,162.4,PER_KM2,NA,NA,11.4,PC,32497.52,NR,NA,por 100.000 hab.,0.9,Indice
2013-01-01,ITI1,Toscana,19500,EUR_HAB,28500,EUR_HAB,161.9,PER_KM2,NA,NA,12.1,PC,118740.66,NR,NA,por 100.000 hab.,0.9,Indice
2014-01-01,ITI1,Toscana,19500,EUR_HAB,29100,EUR_HAB,165.6,PER_KM2,3744293,NR,11.6,PC,124239.58,NR,3318.1,por 100.000 hab.,0.903,Indice
2015-01-01,ITI1,Toscana,19800,EUR_HAB,29400,EUR_HAB,165.4,PER_KM2,3739044,NR,9.6,PC,118023.45,NR,3156.5,por 100.000 hab.,0.905,Indice
2016-01-01,ITI1,Toscana,20300,EUR_HAB,30200,EUR_HAB,165.2,PER_KM2,3726422,NR,9.6,PC,113103.03,NR,3035.2,por 100.000 hab.,0.911,Indice
2017-01-01,ITI1,Toscana,20700,EUR_HAB,30900,EUR_HAB,164,PER_KM2,3721391,NR,12.9,PC,111089.12,NR,2985.2,por 100.000 hab.,0.913,Indice
2018-01-01,ITI1,Toscana,21400,EUR_HAB,31700,EUR_HAB,163.7,PER_KM2,3712048,NR,14.4,PC,106604.36,NR,2871.8,por 100.000 hab.,0.918,Indice
2019-01-01,ITI1,Toscana,21600,EUR_HAB,33000,EUR_HAB,162.7,PER_KM2,3701343,NR,14.3,PC,94936.45,NR,2564.9,por 100.000 hab.,0.922,Indice
2020-01-01,ITI1,Toscana,19500,EUR_HAB,29200,EUR_HAB,162.1,PER_KM2,3692555,NR,14.1,PC,58474.83,NR,1583.6,por 100.000 hab.,0.915,Indice
2021-01-01,ITI1,Toscana,21400,EUR_HAB,32500,EUR_HAB,161.9,PER_KM2,3692865,NR,12.4,PC,65019.24,NR,1760.7,por 100.000 hab.,0.922,Indice
2022-01-01,ITI1,Toscana,23200,EUR_HAB,35600,EUR_HAB,160.6,PER_KM2,3663191,NR,10.7,PC,79285.87,NR,2164.4,por 100.000 hab.,0.92,Indice
2023-01-01,ITI1,Toscana,24300,EUR_HAB,37600,EUR_HAB,160.6,PER_KM2,3661981,NR,10.2,PC,0,NR,0,por 100.000 hab.,0.93,Indice
2008-01-01,ITI2,Umbria,19600,EUR_HAB,26500,EUR_HAB,105.6,PER_KM2,NA,NA,13,PC,21482.74,NR,NA,por 100.000 hab.,0.891,Indice
2009-01-01,ITI2,Umbria,18500,EUR_HAB,24700,EUR_HAB,106.4,PER_KM2,NA,NA,11.9,PC,20794.16,NR,NA,por 100.000 hab.,0.892,Indice
2010-01-01,ITI2,Umbria,18500,EUR_HAB,25000,EUR_HAB,106.9,PER_KM2,NA,NA,11.8,PC,5078.06,NR,NA,por 100.000 hab.,0.893,Indice
2011-01-01,ITI2,Umbria,18900,EUR_HAB,25200,EUR_HAB,107.1,PER_KM2,NA,NA,12.9,PC,5821.63,NR,NA,por 100.000 hab.,0.897,Indice
2012-01-01,ITI2,Umbria,18200,EUR_HAB,24500,EUR_HAB,107.2,PER_KM2,NA,NA,11.9,PC,6751.7,NR,NA,por 100.000 hab.,0.892,Indice
2013-01-01,ITI2,Umbria,17900,EUR_HAB,24000,EUR_HAB,105.3,PER_KM2,NA,NA,14.8,PC,23664.47,NR,NA,por 100.000 hab.,0.891,Indice
2014-01-01,ITI2,Umbria,17700,EUR_HAB,23700,EUR_HAB,108.5,PER_KM2,892099,NR,16.5,PC,22410.36,NR,2512.1,por 100.000 hab.,0.893,Indice
2015-01-01,ITI2,Umbria,17900,EUR_HAB,24400,EUR_HAB,108.2,PER_KM2,888288,NR,18.4,PC,20314.11,NR,2286.9,por 100.000 hab.,0.892,Indice
2016-01-01,ITI2,Umbria,18000,EUR_HAB,24600,EUR_HAB,107.9,PER_KM2,884092,NR,15.5,PC,17882.12,NR,2022.7,por 100.000 hab.,0.897,Indice
2017-01-01,ITI2,Umbria,18300,EUR_HAB,25300,EUR_HAB,106.8,PER_KM2,880992,NR,11.1,PC,18290.57,NR,2076.1,por 100.000 hab.,0.901,Indice
2018-01-01,ITI2,Umbria,18900,EUR_HAB,26200,EUR_HAB,106.3,PER_KM2,876477,NR,12.5,PC,18613.38,NR,2123.7,por 100.000 hab.,0.905,Indice
2019-01-01,ITI2,Umbria,19100,EUR_HAB,26500,EUR_HAB,105.5,PER_KM2,873744,NR,9.8,PC,16648.76,NR,1905.5,por 100.000 hab.,0.911,Indice
2020-01-01,ITI2,Umbria,17600,EUR_HAB,24400,EUR_HAB,105,PER_KM2,870165,NR,9.5,PC,10873.82,NR,1249.6,por 100.000 hab.,0.906,Indice
2021-01-01,ITI2,Umbria,19100,EUR_HAB,26700,EUR_HAB,104.5,PER_KM2,865452,NR,12.1,PC,10842,NR,1252.8,por 100.000 hab.,0.911,Indice
2022-01-01,ITI2,Umbria,20600,EUR_HAB,28800,EUR_HAB,103.3,PER_KM2,858812,NR,8.6,PC,12350.05,NR,1438,por 100.000 hab.,0.907,Indice
2023-01-01,ITI2,Umbria,21800,EUR_HAB,30500,EUR_HAB,102.9,PER_KM2,856407,NR,10.6,PC,0,NR,0,por 100.000 hab.,0.917,Indice
2008-01-01,ITI3,Marche,19300,EUR_HAB,26400,EUR_HAB,163.2,PER_KM2,NA,NA,12.2,PC,30375.6,NR,NA,por 100.000 hab.,0.891,Indice
2009-01-01,ITI3,Marche,18400,EUR_HAB,25500,EUR_HAB,164.2,PER_KM2,NA,NA,11,PC,28908.7,NR,NA,por 100.000 hab.,0.892,Indice
2010-01-01,ITI3,Marche,18400,EUR_HAB,25500,EUR_HAB,164.5,PER_KM2,NA,NA,12.9,PC,7212.72,NR,NA,por 100.000 hab.,0.894,Indice
2011-01-01,ITI3,Marche,18600,EUR_HAB,25900,EUR_HAB,164.6,PER_KM2,NA,NA,13.1,PC,8461.32,NR,NA,por 100.000 hab.,0.895,Indice
2012-01-01,ITI3,Marche,18200,EUR_HAB,25300,EUR_HAB,164.7,PER_KM2,NA,NA,14.6,PC,9604.39,NR,NA,por 100.000 hab.,0.893,Indice
2013-01-01,ITI3,Marche,18000,EUR_HAB,25000,EUR_HAB,164.8,PER_KM2,NA,NA,12.7,PC,33477.93,NR,NA,por 100.000 hab.,0.892,Indice
2014-01-01,ITI3,Marche,18100,EUR_HAB,25600,EUR_HAB,165.1,PER_KM2,1549478,NR,12.2,PC,34395.63,NR,2219.8,por 100.000 hab.,0.897,Indice
2015-01-01,ITI3,Marche,18200,EUR_HAB,25900,EUR_HAB,164.6,PER_KM2,1545869,NR,13.9,PC,33498.22,NR,2167,por 100.000 hab.,0.897,Indice
2016-01-01,ITI3,Marche,18600,EUR_HAB,26500,EUR_HAB,163.9,PER_KM2,1538442,NR,16,PC,29468.78,NR,1915.5,por 100.000 hab.,0.903,Indice
2017-01-01,ITI3,Marche,19000,EUR_HAB,27200,EUR_HAB,163.6,PER_KM2,1532460,NR,15.8,PC,27441.23,NR,1790.7,por 100.000 hab.,0.905,Indice
2018-01-01,ITI3,Marche,19600,EUR_HAB,27700,EUR_HAB,162.9,PER_KM2,1526331,NR,11.7,PC,23210.42,NR,1520.7,por 100.000 hab.,0.911,Indice
2019-01-01,ITI3,Marche,19800,EUR_HAB,28300,EUR_HAB,161.9,PER_KM2,1520321,NR,13.6,PC,19934.27,NR,1311.2,por 100.000 hab.,0.915,Indice
2020-01-01,ITI3,Marche,18300,EUR_HAB,26300,EUR_HAB,161.6,PER_KM2,1512672,NR,11.9,PC,13497.99,NR,892.3,por 100.000 hab.,0.908,Indice
2021-01-01,ITI3,Marche,20100,EUR_HAB,28900,EUR_HAB,160.4,PER_KM2,1498236,NR,8,PC,12898.03,NR,860.9,por 100.000 hab.,0.915,Indice
2022-01-01,ITI3,Marche,21500,EUR_HAB,31100,EUR_HAB,158.3,PER_KM2,1487150,NR,11.6,PC,16005.44,NR,1076.2,por 100.000 hab.,0.914,Indice
2023-01-01,ITI3,Marche,22700,EUR_HAB,33200,EUR_HAB,159.1,PER_KM2,1484298,NR,11.1,PC,0,NR,0,por 100.000 hab.,0.923,Indice
2008-01-01,ITI4,Lazio,22500,EUR_HAB,34700,EUR_HAB,317.9,PER_KM2,NA,NA,15.1,PC,217610.29,NR,NA,por 100.000 hab.,0.912,Indice
2009-01-01,ITI4,Lazio,21800,EUR_HAB,33800,EUR_HAB,320.9,PER_KM2,NA,NA,15.9,PC,198875.71,NR,NA,por 100.000 hab.,0.911,Indice
2010-01-01,ITI4,Lazio,21700,EUR_HAB,33900,EUR_HAB,323.3,PER_KM2,NA,NA,15.9,PC,59774.39,NR,NA,por 100.000 hab.,0.912,Indice
2011-01-01,ITI4,Lazio,21800,EUR_HAB,34300,EUR_HAB,325,PER_KM2,NA,NA,17.2,PC,63440.6,NR,NA,por 100.000 hab.,0.915,Indice
2012-01-01,ITI4,Lazio,20700,EUR_HAB,33100,EUR_HAB,327.2,PER_KM2,NA,NA,19,PC,62260.79,NR,NA,por 100.000 hab.,0.912,Indice
2013-01-01,ITI4,Lazio,20400,EUR_HAB,32300,EUR_HAB,331.6,PER_KM2,NA,NA,18,PC,238678.98,NR,NA,por 100.000 hab.,0.913,Indice
2014-01-01,ITI4,Lazio,20400,EUR_HAB,32300,EUR_HAB,348.1,PER_KM2,5723955,NR,18.5,PC,249280.24,NR,4355,por 100.000 hab.,0.913,Indice
2015-01-01,ITI4,Lazio,20600,EUR_HAB,32300,EUR_HAB,348.6,PER_KM2,5744899,NR,20.5,PC,227548.26,NR,3960.9,por 100.000 hab.,0.913,Indice
2016-01-01,ITI4,Lazio,20900,EUR_HAB,33500,EUR_HAB,348.8,PER_KM2,5761508,NR,21.8,PC,200856.05,NR,3486.2,por 100.000 hab.,0.917,Indice
2017-01-01,ITI4,Lazio,21200,EUR_HAB,34000,EUR_HAB,347.7,PER_KM2,5774092,NR,20.1,PC,200443.77,NR,3471.4,por 100.000 hab.,0.919,Indice
2018-01-01,ITI4,Lazio,21800,EUR_HAB,34500,EUR_HAB,347.2,PER_KM2,5774606,NR,19.3,PC,189985.16,NR,3290,por 100.000 hab.,0.925,Indice
2019-01-01,ITI4,Lazio,22000,EUR_HAB,35000,EUR_HAB,343,PER_KM2,5773076,NR,17.2,PC,174155.3,NR,3016.7,por 100.000 hab.,0.929,Indice
2020-01-01,ITI4,Lazio,20600,EUR_HAB,32400,EUR_HAB,339.9,PER_KM2,5755700,NR,19.4,PC,124536.76,NR,2163.7,por 100.000 hab.,0.925,Indice
2021-01-01,ITI4,Lazio,22200,EUR_HAB,35700,EUR_HAB,338.7,PER_KM2,5730399,NR,20.6,PC,144997.93,NR,2530.3,por 100.000 hab.,0.929,Indice
2022-01-01,ITI4,Lazio,23600,EUR_HAB,39800,EUR_HAB,337.2,PER_KM2,5714882,NR,21.4,PC,172185.12,NR,3012.9,por 100.000 hab.,0.928,Indice
2023-01-01,ITI4,Lazio,24800,EUR_HAB,41700,EUR_HAB,337.2,PER_KM2,5720536,NR,21.7,PC,0,NR,0,por 100.000 hab.,0.938,Indice
